sp_name,avg_csat,mx_revenue,served_user_pct,ota_pct,ita_pct,complain_pct,cancel_pct,expert_app_usage,if_good_sp
 R H Dairy & Cattle Farming ,5.0,50.40,0.5000,1.0000,0.6667,0.3333,0.6667,0.0000,0
 Super Clean,4.575757575757576,13694.25,0.6522,0.3529,0.8488,0.0439,0.3220,0.6912,1
 Yasin Glass House,5.0,80.00,0.2500,0.5000,0.7500,0.1250,0.7500,0.5000,1
3Brothers Engineering,5.0,2426.00,0.5882,0.9000,1.0000,0.0000,0.3889,0.2000,1
3R Engineering & Technology,4.714285714285714,2638.50,0.6061,0.9048,0.8235,0.0588,0.3529,1.0000,1
A-One Faris Cleaning & Pest Control,5.0,1200.00,0.5000,0.0000,0.0000,0.0000,0.5000,0.0000,1
Abdullah Dairy Farm,4.441860465116279,4880.00,0.6220,0.2459,0.4450,0.1832,0.3613,0.0000,1
Abdullah Electronics,4.766666666666667,4917.00,0.6786,0.9420,0.9063,0.0000,0.2813,0.9710,1
Abdullah Refrigeration ,4.736263736263736,29290.00,0.7325,0.7160,0.9444,0.0342,0.2735,0.5444,1
Adiba Rent a car,4.5,3531.34,0.4545,0.8000,1.0000,0.0000,0.5833,0.2000,1
Agni trade and engineering,4.5,1520.00,0.7143,1.0000,1.0000,0.1250,0.0000,0.5000,1
Air Care,4.333333333333333,8528.15,0.5412,0.3617,0.8556,0.0556,0.4667,0.3404,1
Air Connection,5.0,3255.80,0.6444,0.7586,0.8696,0.0870,0.3478,0.6897,1
Air Cool,5.0,73.60,0.7500,0.7500,1.0000,0.0000,0.2000,1.0000,1
AKT Transport Agency,4.7631578947368425,45610.80,0.4755,0.8350,0.8233,0.0093,0.4977,0.5049,1
Al Amin Propitor,4.3125,4118.50,0.7460,0.7400,0.8971,0.0294,0.2500,0.9000,1
Al Nur Restora,4.333333333333333,6.00,0.1379,1.0000,0.7500,0.0000,0.8958,0.0000,1
Al Sakib Ambulance Service,4.166666666666667,5265.00,0.3824,0.4000,0.7105,0.0263,0.6053,0.0000,1
Al-Madina Rent A Car,4.0,6968.52,0.1765,0.1111,0.8113,0.0755,0.8302,0.0000,1
Alam Enterprise,4.666666666666667,17960.00,0.3226,0.3000,0.8065,0.0968,0.6774,0.6000,1
Ali Power Technology ,4.733333333333333,7021.10,0.7190,0.9239,0.9077,0.0308,0.2692,0.9674,1
All Brand Service Center ,4.6,5759.50,0.7101,0.8276,0.8354,0.0127,0.1646,0.0000,1
Amran Refrigeration & Electric Service  ,5.0,120.00,0.6000,1.0000,0.0000,0.0000,0.4000,1.0000,1
Amzad Transport,4.705882352941177,17163.75,0.3143,0.3529,0.5946,0.0541,0.6396,0.6176,1
An Nazaf Laundry,4.0,676.50,0.4872,0.5714,0.5952,0.0714,0.5000,0.0000,1
Anan Pest Control,5.0,2519.80,0.6154,0.6250,0.7692,0.0000,0.3846,0.1250,1
Anks Creative,5.0,125.00,0.6667,0.5000,0.6667,0.3333,0.3333,0.0000,0
Arrow Corporation,4.745222929936306,83383.55,0.6469,0.8822,0.8917,0.0326,0.3627,0.7644,1
AS Interior Design & Decoration,5.0,69848.50,0.4286,1.0000,0.4286,0.0000,0.5714,0.0000,1
ASAD Electric and Refrigeration Workshop,5.0,905.00,0.6154,0.5000,0.9231,0.1538,0.2308,0.8750,1
Ashad Baburchi Catering Service,5.0,7724.98,1.0000,1.0000,1.0000,0.0000,0.0000,0.0000,1
Asia Clean & Care BD,3.6666666666666665,1182.40,0.7000,0.6957,0.7222,0.0278,0.3611,0.0000,1
Asian Paints Bangladesh,1.0,1128.00,0.5000,0.5000,0.0000,0.3333,0.3333,0.0000,0
Athena Beauty Care,4.888888888888889,8545.15,0.6875,0.7547,0.7722,0.0253,0.3291,0.8113,1
Athena Beauty Care - DOHS,4.886792452830188,3471.50,0.7161,0.3468,0.6136,0.0284,0.2898,0.5968,1
Atomic Power Solutions,4.516129032258065,11783.85,0.6731,0.8391,0.7660,0.0111,0.3538,0.9696,1
Attire Laundry House,3.5555555555555554,6773.74,0.4819,0.5714,0.7652,0.2072,0.3591,0.0000,0
Authentic Innovation Ltd.,4.0,625.00,0.5000,1.0000,0.5000,0.0000,0.5000,0.0000,1
Auto Gear,4.5813953488372094,121963.55,0.5925,0.7982,0.8241,0.0276,0.4020,0.1053,1
Auto Gear - DOHS,5.0,1166.20,0.7619,0.8421,0.3462,0.0000,0.1538,0.5263,1
Automan.biz,5.0,1012.50,0.2632,1.0000,0.7368,0.0000,0.7368,0.6000,1
Ayurveda  Beauty  Spa & Panchakormo,4.875,42210.00,0.6500,0.9692,0.7123,0.0000,0.1096,0.1538,1
Badda Laundry & Auto Dry Cleaners,4.166666666666667,-81.30,0.4717,0.6333,0.6167,0.0333,0.5000,0.6000,1
Bahon Rent a Car,4.75,2560.45,0.2069,0.5000,0.8000,0.0000,0.8154,0.0000,1
Bangla Clean,4.655172413793103,36594.60,0.5789,0.5811,0.7675,0.0381,0.3066,0.4336,1
Bangla Cleaning Service,3.8823529411764706,3947.00,0.6042,0.3421,0.8621,0.2241,0.3448,0.0000,0
Bangla Cleaning Service.,3.9444444444444446,11326.00,0.7763,0.3556,0.7565,0.1478,0.1826,0.0000,1
Bangladesh engineering ltd,4.661016949152542,8537.40,0.6355,0.8679,0.8074,0.0451,0.3443,0.3522,1
Bangladeshi Engineering,4.666666666666667,2414.50,0.5472,0.8621,0.6316,0.0702,0.4912,0.7931,1
Bashar Engineering,5.0,8729.95,0.6774,1.0000,0.8235,0.0000,0.2941,0.8750,1
BD Cleaning Service LTD.,5.0,3440.00,0.5833,0.4286,0.8462,0.0769,0.4615,0.0000,1
BD Facility Management & Cleaning Service,3.782608695652174,6754.50,0.4835,0.0755,0.4553,0.0894,0.5610,0.0000,1
BD SHIFT ,4.7272727272727275,45587.50,0.4358,0.9063,0.8304,0.0134,0.4777,0.3333,1
BD Technic,4.8,2395.90,0.6744,0.9792,0.7419,0.0323,0.1935,0.9167,1
Beauty Bees ,4.962962962962963,9897.00,0.6892,0.9610,0.7547,0.0094,0.2642,0.9610,1
Beauty Cube by Israt,4.576036866359447,59865.50,0.7451,0.8810,0.7814,0.0221,0.2570,0.9198,1
Beauty Tree,4.690476190476191,10077.75,0.4934,0.7900,0.7225,0.0209,0.4607,0.8900,1
Bengal Furniture Mart,5.0,400.00,0.5000,0.0000,0.0000,0.5000,0.5000,0.0000,0
Berger Paints,5.0,2900.10,0.1667,0.6667,0.3571,0.0714,0.7143,0.6667,1
Best Clean Powered by Smart Launder,4.384615384615385,1216.55,0.7423,0.3059,0.5776,0.0862,0.2371,0.0000,1
Best Tech Service,5.0,10025.20,0.7049,0.9792,0.9155,0.0282,0.1972,0.6250,1
Bhai Bhai Enterprise & Rent-A-Car ,5.0,13229.46,0.2830,0.6250,0.5789,0.0351,0.7193,0.8750,1
Bhai Bhai Refregeration Service,3.0,50.00,1.0000,0.0000,1.0000,0.0000,0.0000,0.0000,1
Bhai Bhai Transport,4.521739130434782,34322.00,0.2818,0.7500,0.9735,0.0354,0.6903,0.8438,1
Biddyut Electric,4.645161290322581,3325.00,0.5534,0.3710,0.7281,0.0351,0.4386,0.3387,1
Bismillah AC & Electrical Works,5.0,540.00,1.0000,1.0000,1.0000,0.0000,0.0000,0.0000,1
Bismillah Automobile,5.0,160.00,1.0000,0.0000,0.0000,0.0000,0.0000,0.0000,1
Bismillah Electric RRD.,4.666666666666667,3187.50,0.7000,0.5370,0.8750,0.0625,0.3250,0.2037,1
Bisshosto IT,5.0,270.00,0.6000,0.6667,0.8000,0.0000,0.4000,0.0000,1
Blade 365,4.518518518518518,4645.00,0.5614,0.5122,0.6176,0.0588,0.3971,0.5610,1
Blue Horn,4.8,13067.84,0.2688,0.2759,0.7714,0.0381,0.7238,0.0000,1
Bluebirds Computer ,5.0,640.00,0.3000,0.3333,0.6667,0.1429,0.7143,0.6667,1
Bodlao Shifting Service,4.285714285714286,18800.00,0.4138,0.6429,0.9032,0.0323,0.3548,0.3571,1
Boishakhi Beauty Parlour,5.0,771.50,0.5769,0.8235,0.6429,0.0000,0.3929,0.5294,1
Borsha Refrigerator ,4.571428571428571,4432.50,0.6452,1.0000,0.9714,0.0571,0.2857,0.9565,1
Brac Trained Housemaid Service ,4.0,141192.20,0.8000,0.7949,0.5000,0.0286,0.1714,0.0000,1
Bridal Henna,4.666666666666667,1600.00,0.4545,1.0000,0.5833,0.0000,0.5833,0.0000,1
Bright Computer,4.833333333333333,6301.05,0.5926,0.7692,0.9600,0.0067,0.3733,0.0989,1
Building Design Technology & Construction,5.0,1300.00,0.1111,0.3333,0.4667,0.2000,0.9000,0.0000,1
Calcutta Dry Cleaner  ( GP ),4.60377358490566,36022.24,0.9896,1.0000,0.9949,0.0026,0.0083,0.0000,1
Calcutta Dry Cleaners,4.1063829787234045,-6194.55,0.6882,0.1631,0.6244,0.1122,0.3024,0.0000,1
Calcutta Dry Cleaners (GP Exclusive),4.962962962962963,11017.10,0.8835,1.0000,0.9891,0.0027,0.0136,0.0000,1
Car Care,4.545454545454546,11122.20,0.3495,0.9189,0.8273,0.0364,0.6636,0.8378,1
Car Cleaning BD,5.0,20.50,1.0000,1.0000,1.0000,0.0000,0.0000,1.0000,1
Carnival Assure,5.0,649.20,0.3750,0.1667,0.4375,0.0000,0.5625,0.0000,1
CCC-CDC-WARD NO 8,5.0,842.50,0.4000,0.8000,0.6667,0.0000,0.5833,0.0000,1
Chan Mia Traders,3.6666666666666665,19396.50,0.5135,0.5789,0.8947,0.0263,0.4474,0.5263,1
Chattogram House - Office Shifting Service,3.0,5679.95,0.1667,0.5000,0.5833,0.0000,0.8333,0.0000,1
Chittagong Refrigeration,4.898550724637682,-890.65,0.7282,0.7455,0.9241,0.0276,0.2207,0.0636,1
City Sufa Cleaning Service ,4.852459016393443,25694.00,0.5368,0.8182,0.9452,0.0342,0.4384,0.0909,1
Clean Point Auto Dry Cleanrers,4.457142857142857,5467.75,0.8054,0.2180,0.3261,0.0507,0.2029,0.0000,1
Cleaning Expert BD,4.554716981132075,86626.87,0.7324,0.7931,0.8549,0.0433,0.2670,0.1753,1
Cleaning Expert BD - DOHS,4.135135135135135,10421.50,0.6173,0.1311,0.3531,0.0495,0.3960,0.0492,1
Cleaning Expert BD Mirpur DOHS,5.0,-4155.00,0.9730,0.4722,0.7750,0.0000,0.1000,0.0278,1
Color Interior,5.0,15824.00,0.2500,1.0000,0.5000,0.0000,0.5000,0.0000,1
Computer Home Service,3.6666666666666665,245.00,1.0000,1.0000,0.6000,0.2000,0.2000,0.0000,1
Confidence Power Refrigeration & Engineering  ,4.5,2245.30,0.6923,0.4000,0.7143,0.0714,0.2857,0.8000,1
Cooking Story,4.6,7783.00,0.4630,0.7333,0.5833,0.0417,0.5833,0.1333,1
Cooks Heaven,5.0,382.00,0.5385,0.5714,0.5000,0.1429,0.5000,0.0000,1
Cooks Heaven - DOHS,5.0,-2893.00,0.6250,0.4292,0.9177,0.0022,0.0173,0.0000,1
Cool Touch Service Point.,5.0,390.00,0.7500,0.3333,0.7500,0.0000,0.2500,0.3333,1
Coolpoint,5.0,480.00,0.5000,0.5000,0.7500,0.0000,0.5000,0.0000,1
CORNERSTONE Systems Ltd.,4.649253731343284,46951.80,0.7261,0.9756,0.8746,0.0244,0.2564,0.5845,1
CTG-Shymol Rent A Car,4.0,820.10,0.0435,1.0000,0.7143,0.0000,0.9388,0.0000,1
De Dairy,4.507575757575758,28871.60,0.8295,0.6965,0.8186,0.0458,0.1389,0.4630,1
de tempÃªte,5.0,406.50,0.0588,1.0000,0.6667,0.0256,0.8718,0.0000,1
Dewan Traders,5.0,140.00,1.0000,1.0000,0.6667,0.0000,0.3333,0.0000,1
DG Packers & Shippers ,4.555555555555555,38200.00,0.2892,0.6154,0.7126,0.0805,0.6092,0.8846,1
Dhaka Barnyard,4.726872246696035,24889.17,0.8587,0.7439,0.8043,0.0374,0.1065,0.0017,1
Dhaka Electric 2,4.6521739130434785,26311.75,0.5507,0.8428,0.7794,0.0290,0.4441,0.7886,1
Dhaka home service,4.804347826086956,6750.10,0.6277,0.8966,0.9091,0.0227,0.3333,0.8161,1
Dhaka IT Bari,4.823529411764706,2730.00,0.6944,0.9231,0.7838,0.0270,0.2703,0.0000,1
Dhaka Wash ,2.3333333333333335,-79.85,0.3514,0.0000,0.1667,0.4524,0.6429,0.0000,0
Dhanmondi Food ,4.0,3045.30,0.6774,0.9310,0.4500,0.0500,0.2750,0.0000,1
Diamond Shine Cleaning Service,4.891891891891892,25601.00,0.6652,0.3699,0.9811,0.0302,0.3019,0.4162,1
Digital Cleaning Service,4.8561643835616435,48626.28,0.6742,0.8359,0.9293,0.0314,0.3115,0.5898,1
Din Islam Refrigeration & Electronics,5.0,1034.80,0.5714,0.3333,0.9375,0.0000,0.4375,0.2222,1
Discipline Engineering ,4.454545454545454,2053.00,0.6897,0.6087,0.8906,0.0000,0.2813,0.8478,1
DNCC-CDC-04,5.0,400.00,0.1250,0.5000,0.1250,0.1250,0.8750,0.0000,1
DNCC-CDC-26,4.8,6084.50,0.1158,0.3636,0.6142,0.0185,0.7716,0.9091,1
"DNCC-CDC-44,45,46",5.0,200.00,1.0000,0.0000,1.0000,0.0000,0.0000,0.0000,1
DNS Dairy,4.413793103448276,10252.65,0.7130,0.5308,0.5127,0.0838,0.2690,0.0000,1
DOHS Priority Center,4.619047619047619,5650.00,0.9704,0.7386,0.7602,0.0051,0.1020,0.0000,1
Dolly's Online Women's Beauty Care,5.0,-600.00,0.8333,0.9167,0.7143,0.0000,0.0000,0.0000,1
Dora's Food & Catering,4.421052631578948,-1100.00,0.4912,0.2143,0.9188,0.0313,0.4625,0.0000,1
dorji-e,5.0,3000.00,1.0000,0.0000,1.0000,0.0000,0.0000,0.0000,1
Draft Card,4.937984496124031,15227.10,0.5743,0.4651,0.8507,0.0197,0.3775,0.5302,1
DSCC-CDC-20,4.7,4765.00,0.1090,0.4444,0.6243,0.0520,0.8150,0.2222,1
DSCC-CDC-40,5.0,200.00,0.1429,0.0000,0.2500,0.0000,0.8750,0.0000,1
Easyrooms,5.0,5892.35,1.0000,1.0000,0.6667,0.0000,0.0000,0.0000,1
EEE Home Service,4.857142857142857,8755.50,0.8243,1.0000,0.8481,0.0127,0.1899,0.9524,1
Elegant Dry Cleaners & Laundry,4.612244897959184,554.45,0.5688,0.2021,0.5871,0.0903,0.3871,0.0000,1
Elite Merchant ,4.7272727272727275,7392.80,0.5827,0.4744,0.9098,0.0301,0.3459,0.7436,1
Ema Steel House,5.0,140.00,0.3333,0.0000,0.3333,0.0000,0.6667,0.0000,1
Emon Dry Cleaners,4.9375,5265.50,0.8793,0.6121,0.9444,0.0033,0.0588,0.0000,1
EMU Enginieering Works,4.7272727272727275,-130.00,0.7037,0.4500,0.6429,0.0357,0.2500,0.4500,1
Enna Enterprise,4.676470588235294,64204.35,0.4248,0.6828,0.8012,0.0572,0.5602,0.1034,1
ETC Service Solutions,5.0,1087.50,0.5122,0.9091,0.7143,0.0000,0.4762,0.7273,1
ETC Supply,5.0,459.20,0.2857,0.5000,0.4286,0.0000,0.7143,0.0000,1
Evergreen Engineering,4.976470588235294,9041.35,0.6304,0.7813,0.9198,0.0267,0.3048,0.6406,1
Expert Energy Engineering ,1.0,200.00,0.3333,1.0000,0.3333,0.3333,0.6667,0.0000,0
Express Solution,4.640826873385013,104186.07,0.4709,0.9385,0.8255,0.0177,0.4094,0.4570,1
F.R Furniture Works ,5.0,5375.00,0.1795,0.5714,0.7692,0.0000,0.8205,0.0000,1
Faria Enterprise,4.818181818181818,49158.70,0.3196,0.5588,0.8000,0.0400,0.5700,0.5000,1
Farid Traders,4.0,529.00,0.2857,1.0000,0.7143,0.0000,0.7143,0.5000,1
Faridpur Refrigerator Works ,5.0,625.00,0.2000,1.0000,0.6000,0.0000,0.6000,1.0000,1
Fast AC Services BD,4.0,350.00,0.3750,0.0000,0.7500,0.0000,0.6250,0.0000,1
Fast Cleaning Service,4.583333333333333,21364.10,0.6870,0.8889,0.7923,0.0282,0.2923,0.4444,1
Fast Driver Center,4.610169491525424,34288.75,0.5385,0.7273,0.8621,0.0388,0.3966,0.0758,1
Fast Wheel Workshop Ltd,5.0,905.00,1.0000,1.0000,1.0000,0.0000,0.0000,0.0000,1
Five Star Clean Expert,4.523809523809524,12148.70,0.5328,0.7802,0.8188,0.0813,0.4125,0.6484,1
FixNowBD,4.6923076923076925,10304.80,0.7442,0.8788,1.0000,0.0000,0.2500,1.0000,1
Food Gossips,5.0,60.00,0.5000,1.0000,0.5556,0.0000,0.7778,0.0000,1
Four Technology,4.333333333333333,6006.35,0.6569,0.3960,0.8471,0.0637,0.3503,0.9307,1
FR Electric,4.785714285714286,625.00,0.5625,0.8125,0.8333,0.0000,0.3333,0.0000,1
Furniture Interior,5.0,22122.50,0.4737,0.7778,0.6190,0.0000,0.5238,0.1111,1
Furniture Interior - DOHS,5.0,1547.00,0.5294,0.5556,0.7059,0.0588,0.4706,0.0000,1
Furniture Interior DOHS,5.0,55.00,1.0000,0.0000,0.0000,0.0000,0.0000,0.0000,1
Furniture Village,5.0,1520.00,0.2222,0.8000,0.5333,0.0444,0.7778,0.0000,1
Fusion Food,4.5,552.00,0.7000,0.4000,0.5385,0.0769,0.2308,0.2000,1
Gadget Lab,2.0,225.00,0.2727,0.6667,0.6364,0.2727,0.7273,0.3333,0
Gazi Cool Touch Refrigeration ,4.688888888888889,6452.30,0.4489,0.8118,0.8441,0.0430,0.5323,0.2118,1
Glory Air Conditioning & Engineering,5.0,3358.00,0.5641,1.0000,0.8605,0.0000,0.4186,0.7391,1
Gorilla Cleaning & Pest Control Service,5.0,1920.60,1.0000,0.6667,0.8333,0.0833,0.0000,0.8333,1
Gowala,3.963963963963964,4007.30,0.7930,0.0942,0.4266,0.0625,0.2283,0.0000,1
Green Air Engineering ,4.647540983606557,13478.50,0.5077,0.7398,0.8907,0.0383,0.4481,0.9643,1
Green Air Refrigerator,4.566666666666666,5913.30,0.7500,0.9400,0.8841,0.0580,0.2754,0.4400,1
Green cool Refrigeration & Electrical,5.0,864.80,0.4667,0.4286,0.3333,0.0667,0.4667,0.0000,1
Green cool Regrigeration & Electrical,4.0,40.00,1.0000,1.0000,0.0000,0.0000,0.0000,0.0000,1
Green Oven Limited,4.818181818181818,42957.50,0.3929,0.8333,0.6552,0.0345,0.5862,0.0000,1
Green Technology,5.0,2665.00,0.6842,0.7143,0.9000,0.0500,0.3000,0.7857,1
Gulshan Super Cleaning Service ,3.8181818181818183,5993.00,0.5500,0.4130,0.9059,0.0471,0.4353,0.6522,1
Habib Door & Furniture,3.0,415.00,0.3750,0.3333,0.6250,0.2500,0.6250,1.0000,0
Habib Refrigerator,4.9523809523809526,3296.00,0.7407,0.9545,0.8333,0.0333,0.2333,0.3636,1
Hasib Electrical Constitution ,4.523809523809524,4420.00,0.6746,0.7778,0.8881,0.1045,0.3209,0.0222,1
Hazrat Enterprise ,4.761061946902655,93670.25,0.4288,0.8859,0.8504,0.0226,0.5078,0.3916,1
Hello Laundry ,4.4,402.80,0.2941,0.2000,0.2105,0.1053,0.7368,0.0000,1
Himaloy Refrigeration & Electronics,5.0,1230.00,0.4118,0.5714,0.7059,0.0588,0.4706,0.4286,1
Home Art,3.0,160.00,1.0000,1.0000,1.0000,0.0000,0.0000,0.0000,1
Home Repair BD,4.857142857142857,93146.00,0.0989,0.4179,0.8157,0.0201,0.8459,0.0000,1
Home Service Expert,4.637931034482759,13700.75,0.7778,0.7669,0.8811,0.0703,0.2811,0.0451,1
HomeCare Solutions,4.916666666666667,13325.00,0.2712,0.5909,0.5921,0.0263,0.6842,0.0000,1
HTE,5.0,427.00,0.5455,0.5714,0.3333,0.0000,0.4167,0.1429,1
HydroWashing,4.75,8422.75,0.2308,0.5000,0.6585,0.0000,0.7073,0.0000,1
Ibrahim Dealer ,4.75,6135.00,0.2115,0.7273,0.3962,0.0000,0.7547,0.2727,1
Ideal Eletronics,5.0,2375.00,0.7297,0.9118,0.8261,0.0000,0.2391,0.0000,1
Imran Rent A Car Service,5.0,12569.45,0.3692,0.9167,0.9104,0.0149,0.6269,0.7083,1
INP Engineering,4.071428571428571,2020.00,0.7742,0.6250,1.0000,0.0313,0.2500,0.3750,1
Irradiance Design,5.0,4160.00,0.3684,0.8571,0.8000,0.0000,0.5500,0.4286,1
Ishrat Agro,4.429718875502008,14617.20,0.8407,0.3534,0.7022,0.0293,0.1278,0.0000,1
Ishrat Agro (Moghbazar),4.714285714285714,3310.90,0.8971,0.2029,0.5513,0.0513,0.1154,0.0000,1
Islamia Corporation Trading,4.75,75894.15,0.3704,0.5000,0.3968,0.1111,0.4762,0.0000,1
Ismail Shifting Service Ltd,4.0,17225.30,0.3659,0.8000,0.9268,0.0244,0.3902,0.0000,1
Israt Cleaning Service,4.888888888888889,1762.50,0.5625,0.5652,0.5161,0.0323,0.2581,0.0435,1
IT House BD,4.684873949579832,20007.25,0.6559,0.9185,0.9304,0.0278,0.2744,0.7051,1
IT Solutions,5.0,635.00,0.5000,0.4000,0.7000,0.0000,0.5000,0.0000,1
IV Dairy Farm,5.0,9150.75,1.0000,0.9286,0.5000,0.0000,0.0000,0.0000,1
J.G Air Refrigeration ,4.25,4061.30,0.6111,0.3478,0.6316,0.0789,0.3421,0.0000,1
Jahid Engineering ,4.428571428571429,11002.20,0.6215,0.5763,0.8872,0.0462,0.3744,0.9831,1
Jahir Enterprise,4.0,115.00,0.5000,1.0000,0.6000,0.2000,0.5000,0.8000,1
Jhuma Beauty Salon,4.766666666666667,4018.00,0.4965,0.8352,0.4663,0.0506,0.4719,0.9560,1
Jhuma Beauty Salon - DOHS,5.0,200.00,0.1250,0.5000,0.4545,0.0000,0.8182,0.0000,1
Jia Home Shift,5.0,5545.00,0.2941,0.8000,0.9444,0.0000,0.3333,1.0000,1
Jia Transport,4.2,24970.00,0.3239,0.5833,0.8108,0.0270,0.6622,0.5000,1
JK laundry house,4.0,-36.00,0.6667,0.2500,0.1111,0.1111,0.5556,0.0000,1
JS Home Service,4.555555555555555,7696.25,0.5858,0.6436,0.8907,0.0656,0.4426,0.2376,1
KABIR Painting service ,5.0,9290.00,0.0962,0.4000,0.6538,0.0769,0.8846,0.2000,1
Karigor,5.0,3355.00,0.1778,0.5000,0.5652,0.0435,0.8261,0.1250,1
Kashem Resource Management And Consultancy Services,5.0,949.80,0.3333,0.6667,0.6667,0.2222,0.6667,0.3333,0
Kayed Enterprise ,4.0,339.20,0.4000,1.0000,0.4375,0.0625,0.6250,0.6667,1
Kazi IT Foundation,4.2926829268292686,14427.00,0.5701,0.5308,0.8697,0.0840,0.2899,0.0308,1
Khalil Transport,4.555555555555555,26910.00,0.3667,0.6087,0.7705,0.0000,0.5410,0.7391,1
Khan Enterprises,5.0,8634.10,0.5385,1.0000,0.9706,0.0000,0.2059,0.7222,1
KHANS INTERIOR and ELECTRONICS,4.5,2545.00,0.0600,0.3333,0.3786,0.0291,0.9417,0.0000,1
Kitchen Mart,5.0,2700.00,1.0000,0.0000,0.0000,0.0000,0.0000,0.0000,1
Kowsar Enterprise,4.725165562913907,64954.47,0.6789,0.8685,0.8008,0.0458,0.3060,0.7734,1
Kowsar Enterprise - DOHS,4.746376811594203,70100.75,0.7582,0.8774,0.8758,0.0216,0.2423,0.6281,1
KSL Services Ltd,4.2727272727272725,13606.50,0.5208,0.8545,0.7877,0.0660,0.4623,0.5636,1
Kulsum Furniture,4.5,390.00,0.2500,0.2500,0.4375,0.0000,0.7500,0.5000,1
L N Salkor Laundry,4.953488372093023,13352.80,0.9296,0.9905,0.9451,0.0000,0.0091,0.0000,1
Labib Dairy Farm,4.777777777777778,1072.80,0.5526,0.7826,0.3585,0.0000,0.5660,0.0000,1
Labib Rent a Car,4.526315789473684,20957.68,0.2795,0.3333,0.6494,0.0443,0.7269,0.2917,1
Laundry Bee,5.0,-2693.00,0.6667,1.0000,0.9268,0.0000,0.0244,0.0000,1
Laundry Express,4.286307053941909,25343.20,0.6872,0.2245,0.4933,0.0951,0.1996,0.0000,1
Laundry Mama,5.0,567.50,0.5000,0.7000,0.5500,0.0000,0.3500,0.0000,1
LAUNDRYMATE,4.791666666666667,754.40,0.6053,0.1875,0.4948,0.0722,0.3299,0.0000,1
Lazania Catering ,5.0,200.00,0.5000,1.0000,0.4000,0.0000,0.4000,0.0000,1
Limon Transport Agency,4.375,27505.00,0.5000,0.8500,0.9024,0.0000,0.4146,0.5500,1
linked Auto Mobiles,4.833333333333333,2265.00,0.3548,0.7273,0.8387,0.0645,0.6452,0.8182,1
Lubna'Z Mehedi,5.0,200.00,0.3333,1.0000,0.7500,0.0000,0.7500,0.0000,1
M R Shiritee Builders,4.625,26320.04,0.2213,0.7931,0.7585,0.0226,0.7774,0.0000,1
M S.Water Purifiers Technology ,4.333333333333333,655.00,0.6000,1.0000,0.6667,0.1667,0.3333,0.0000,1
M. Store,5.0,4316.00,0.4000,0.5000,0.3636,0.0909,0.6364,0.0000,1
M.A Trade Incorporate,4.142857142857143,2101.00,0.5417,0.5714,0.4444,0.0000,0.4074,0.0000,1
M.S Bhai Bhai Plumbing & Engineering,3.6666666666666665,140.00,0.5000,0.6667,0.8000,0.0000,0.4000,0.0000,1
M.S.K Engineering,4.857142857142857,995.00,0.5789,0.7273,0.9474,0.0000,0.3684,0.2727,1
M/S Mannan Enterprise,5.0,615.10,0.1818,0.0000,0.0909,0.2727,0.8182,0.5000,0
M/S. Ove Electric Engineering.  ,5.0,620.00,1.0000,0.7143,1.0000,0.0000,0.0000,0.0000,1
M/S. Shamsul Metal & Construction,5.0,360.00,0.5000,1.0000,0.6667,0.0000,0.3333,0.0000,1
M\S Mim Collection,4.5,17540.00,1.0000,0.4615,0.2593,0.0000,0.0370,0.4231,1
Ma Babar Doya Refrigeration&Electronice,4.813559322033898,6312.60,0.7500,0.7956,0.9615,0.0048,0.1202,0.2541,1
Ma Babar Dua Transport,4.454545454545454,20047.50,0.4111,0.8421,0.9231,0.0440,0.5165,0.7895,1
Ma Furniture mart,4.5,1810.00,0.2105,0.0000,0.4737,0.0000,0.5263,0.0000,1
Ma Refrigeration Works,4.414634146341464,12034.70,0.5526,0.9070,0.9625,0.0500,0.4500,1.0000,1
Maa Engineering ,5.0,6270.00,0.8000,0.9500,0.7200,0.0000,0.1600,0.8000,1
Mac & Win Computer Solution,5.0,240.25,1.0000,0.6667,0.6667,0.0000,0.0000,0.0000,1
Mahafuj Electrical Work ,5.0,1125.00,0.5333,0.7500,0.7333,0.0000,0.4667,0.8750,1
Mahmuda saintary,4.666666666666667,1305.00,0.7500,1.0000,0.8000,0.0000,0.2800,0.8889,1
Mahmudul Electric,5.0,2700.00,0.5926,0.2647,0.8596,0.0526,0.3158,1.0000,1
Mahmudul Electric and Sanitary House,4.4393939393939394,7842.55,0.5815,0.3696,0.8730,0.0246,0.4344,0.9855,1
MAKER HOLIDAYS,5.0,140047.30,0.5833,0.8750,0.3529,0.0588,0.5294,0.6250,1
Mamun Transport,5.0,14665.00,0.2759,0.6250,0.7931,0.0345,0.5172,0.6250,1
MBM- Munshi Bangladesh Limited,5.0,1890.00,0.2273,0.2000,0.1304,0.0870,0.7826,0.0000,1
MEDA ( Micro Entrepreneur Development Academy ) ,4.7407407407407405,2217.50,0.9902,0.9971,0.9679,0.0000,0.0087,0.0059,1
Mehedi Rang by Tahia,4.0,1770.00,0.6667,0.5000,0.3333,0.0000,0.3333,0.0000,1
Mehendi by mimi,4.666666666666667,4100.00,0.7222,0.6154,0.7222,0.0556,0.2778,0.0000,1
Mesmeric Makeover Story by Pritty,5.0,1425.00,1.0000,0.5000,0.8750,0.0000,0.2500,0.0000,1
Metroshine,5.0,1319.50,0.3000,0.0000,0.5000,0.1364,0.6818,0.0000,1
MHB Technology ,5.0,40.00,0.2500,0.0000,0.5000,0.0000,0.7500,0.0000,1
MI Electronics & Electric Servicing Center ,4.696969696969697,6318.02,0.6353,0.7679,0.7802,0.0659,0.3407,0.9821,1
Mistri,4.8605072463768115,85004.70,0.7516,0.8707,0.9386,0.0296,0.2349,0.8748,1
Mistri Painting Solution,5.0,5286.50,0.2174,0.8000,1.0000,0.0000,0.6522,0.2000,1
MITALI ENTERPRISE,5.0,766.00,0.8400,0.9634,0.3750,0.0000,0.0682,0.0000,1
MJ Hossain & Associates,5.0,6750.00,0.7179,0.0000,0.4390,0.0488,0.2683,0.0000,1
MK Cleaning Service ,4.623711340206185,36591.75,0.5403,0.9302,0.8054,0.0476,0.3644,0.8173,1
MMA Enterprises ,4.588235294117647,1887.30,0.6667,0.6923,0.8596,0.0526,0.2456,0.4615,1
Modern Enterprise,4.4,1358.75,0.5789,0.7273,0.7500,0.0000,0.4000,0.0000,1
Mohammadi Dry Cleaner,5.0,149.70,0.8000,0.0833,0.2941,0.1765,0.2941,0.0000,1
Mohammadi Dry Cleaner - DOHS,4.0,-1394.30,0.7843,0.0638,0.4068,0.2542,0.1864,0.0213,0
Mohasin Thai and Glass,5.0,180.00,0.2500,0.3333,0.3333,0.1667,0.7500,0.0000,1
Mohua Beauty Care,4.765432098765432,32979.90,0.6605,0.6695,0.7191,0.0159,0.2789,0.9576,1
Monis Beauty Parlor,4.5,1453.00,0.6667,0.9000,0.5625,0.0000,0.3750,1.0000,1
Mostofa Enterprise,4.333333333333333,17403.50,0.5526,0.3182,0.6750,0.0250,0.3000,0.5909,1
Mother Rent A Car,5.0,598.00,0.2500,0.0000,0.5000,0.0000,0.7500,0.0000,1
Moyna Brac Trained-Gulsan,4.0,0.00,0.5000,1.0000,0.0000,0.0000,0.5000,0.0000,1
MRB Auto Dry Cleaners ,3.0,-77.50,0.6000,0.5000,0.2000,0.1000,0.3000,0.0000,1
MS Auto Solutions,4.333333333333333,3480.00,0.2500,0.3333,0.6667,0.0000,0.6667,0.0000,1
Mughal Khana,4.833333333333333,54164.40,0.6667,0.6000,0.5667,0.0667,0.3333,0.0000,1
Multi Auto Care Workshop,3.25,15434.80,0.5000,0.8421,0.6500,0.0250,0.5250,0.0000,1
N79,3.3333333333333335,250.00,0.5000,1.0000,0.8750,0.0000,0.3750,0.0000,1
Nabil Cleaning Service ,4.4,2270.00,0.6842,0.7333,0.8261,0.0870,0.3043,0.0000,1
Nafin Refrigeration & Air Condition  ,4.0,214.80,0.4286,0.3333,0.2857,0.0000,0.5714,0.0000,1
Nahar IT Solutions,4.555555555555555,638.50,0.4386,0.4400,0.7049,0.0492,0.5410,0.0000,1
NET CONNECT,5.0,1100.00,0.3750,0.1111,0.6400,0.0400,0.6400,0.0000,1
New Akhi Rent A Car,2.6666666666666665,6522.26,0.0808,0.1250,0.5849,0.0472,0.9151,0.8750,1
New car care,4.25,5828.40,0.4865,0.6111,0.7027,0.0270,0.5135,0.2222,1
New Imtiaz Refrigeration ,4.670329670329671,19537.40,0.5738,0.7468,0.8341,0.0385,0.4135,0.3090,1
New Paris Refrigeration & Engineering ,4.5,41902.05,0.3361,0.6341,0.8346,0.0472,0.6772,0.7073,1
New Sordar Automobile,5.0,25855.00,0.5000,0.6667,1.0000,0.0833,0.5000,0.6667,1
NF Engineering,4.714285714285714,5467.85,0.6744,0.9844,0.9362,0.0213,0.2128,0.9844,1
Nirapad Service & Repair,4.666666666666667,430.00,0.6000,0.4444,0.8000,0.2000,0.4000,0.1111,1
NR Solutions,5.0,1569.80,0.5600,0.6429,0.6154,0.0000,0.4615,0.0714,1
Nur Regrigeration & Electrical,5.0,80.00,1.0000,0.0000,0.0000,0.0000,0.0000,0.0000,1
Nur Rent-A-Car,5.0,298.00,0.1429,0.0000,1.0000,0.0000,0.4286,1.0000,1
Oggro Dairy ,4.789592760180995,22392.48,0.8622,0.1453,0.6771,0.0286,0.0909,0.0000,1
Oggro Dairy (Banani),4.682352941176471,2614.70,0.7445,0.0446,0.4201,0.0335,0.1896,0.0000,1
Ok Thanks BD,4.285714285714286,7760.00,0.1414,0.4286,0.6500,0.0300,0.8300,0.5000,1
"Once Pest Control Service, Bangladesh.",4.0,100.00,0.5000,1.0000,0.5000,0.0000,0.5000,0.0000,1
One Star Glass & Technologies ,4.75,7695.00,0.4583,0.0833,0.7778,0.0370,0.5556,0.8333,1
Open Truck,5.0,4.00,1.0000,1.0000,0.0000,0.0000,0.0000,0.0000,1
Opshori Beauty Salon,4.728813559322034,9415.75,0.6250,0.9375,0.8133,0.0000,0.3533,0.8646,1
Pacific Glass & Thai,4.0,260.00,0.3000,0.0000,0.5455,0.0909,0.6364,0.2500,1
Pack N Move,4.851851851851852,89537.30,0.5608,0.9661,0.9512,0.0390,0.3610,0.9407,1
Pack N Move BD,4.621621621621622,54197.25,0.4372,0.9136,0.9415,0.0213,0.5160,0.8642,1
Paris Engineering Solution,5.0,9898.00,0.1067,0.3333,0.7403,0.0519,0.4026,0.2222,1
Perfect Glamorous Touch By Jahan,4.0,985.00,0.6154,0.6667,0.4000,0.0000,0.3333,0.0000,1
pickRdrop,5.0,410.00,0.3333,0.8000,0.5714,0.0476,0.7619,0.8000,1
PINK Salon ,4.834051724137931,74811.70,0.6218,0.7045,0.8026,0.0161,0.2266,0.0648,1
Polash Furniture,4.4375,14961.00,0.1974,0.8387,0.7862,0.0377,0.7044,0.0645,1
Popular Diagnostic Centre Ltd,2.0,40.00,0.2500,0.0000,0.2500,0.0000,0.7500,0.0000,1
Powerpro Engineering,3.5,445.00,0.4500,0.4545,0.6087,0.0000,0.5217,0.0000,1
Praava Health ,4.0,50.00,0.3333,1.0000,0.0000,0.0000,0.6667,0.0000,1
Premier Catering,4.0,9600.00,1.0000,0.0000,1.0000,0.0000,0.0000,0.0000,1
Priority Center - DOHS,4.786096256684492,264369.80,0.9300,0.3515,0.5955,0.0125,0.1243,0.2598,1
Priority Center Laundry - DOHS,4.25,-3135.00,0.2235,0.5610,0.6714,0.0143,0.0714,0.0000,1
Priority Center Milk - DOHS,4.833333333333333,9137.00,0.9444,0.0656,0.9064,0.0058,0.0000,0.0000,1
Professional Housemaid - DOHS ,5.0,600.00,1.0000,0.7500,1.0000,0.0000,0.0000,0.0000,1
Professional Housemaid Service - DOHS ,4.4,33634.80,0.5444,0.4909,0.6036,0.0180,0.3784,0.0000,1
Professional Housemaid Service DOHS ,4.416666666666667,7155.00,0.6338,0.6522,0.6933,0.0133,0.3867,0.0000,1
Project SHETU,3.0,760.00,0.0769,1.0000,0.7667,0.0667,0.9333,0.0000,1
Promiging Cleaning & Pest Control Service ,4.5,1955.90,0.6000,0.3333,0.8571,0.1429,0.4643,0.0000,1
Prominent IT,4.8,2007.50,0.5313,0.7170,0.9048,0.0095,0.4857,0.7925,1
Prottasa Enterprise ,5.0,1500.00,0.1667,0.5000,0.1333,0.0000,0.6000,0.0000,1
Q service,4.5,1230.00,0.4167,0.6000,0.8333,0.0000,0.4167,0.4000,1
Queen Beauty Parlour,4.785714285714286,4085.50,0.6667,0.9063,0.7255,0.0000,0.3725,0.9688,1
R-Stone,4.111111111111111,3505.00,0.4688,0.2353,0.3421,0.0526,0.5526,0.0000,1
R.S Computer Technology ,3.3333333333333335,1122.50,0.5333,0.0000,0.4375,0.1875,0.4375,0.7778,1
Rabbi  Super Cleaning Service,4.76,11177.76,0.7273,0.6395,0.7731,0.0336,0.2437,0.1744,1
Rafid Engineering ,4.764705882352941,3266.25,0.7241,0.5714,0.6393,0.0164,0.2951,0.5476,1
Rahman's Dairy,4.591836734693878,15196.00,0.5128,0.3059,0.6231,0.0182,0.2036,0.0000,1
Rajib Electric &  Electronics Service,4.964912280701754,10075.00,0.6837,0.9437,0.9126,0.0194,0.2718,0.9577,1
Rajib Electric and Electronics Service 2,4.530612244897959,20824.55,0.6011,0.7364,0.9838,0.0108,0.3676,0.8636,1
Ramzan Transport,4.0,17565.00,0.6047,0.8846,0.8605,0.0233,0.2558,0.8462,1
Rangpur Auto & Engineering Workshop,3.857142857142857,1336.90,0.2414,0.1429,0.7241,0.1034,0.7241,0.0000,1
Ranna Ghor,5.0,60.00,0.1818,1.0000,0.4706,0.0000,0.8235,0.6667,1
Rapid Clean,4.610526315789474,-9975.25,0.7496,0.9310,0.8585,0.0333,0.2926,0.0000,1
RapidMovers ,4.761904761904762,26215.35,0.2071,0.6757,0.8603,0.0447,0.7095,0.7297,1
RapidMovers Global,4.285714285714286,3880.00,0.1452,0.5000,0.6364,0.0303,0.7727,0.7500,1
Rasel Rent A Car,5.0,580.00,0.1429,0.0000,0.4286,0.0000,0.8571,0.0000,1
Rasel Shifting Service,4.6909090909090905,39761.65,0.3929,0.9265,0.8654,0.0705,0.4808,0.8529,1
Ratan & Brothers ,4.6,7229.85,0.7000,0.6563,0.8791,0.0659,0.2637,0.8281,1
RC Computer ( Fast & Smooth Service ),5.0,2074.00,0.6947,0.7297,0.8286,0.0286,0.2857,0.5270,1
Red Yellow Trading,5.0,1500.00,0.0800,1.0000,0.7600,0.1200,0.9200,0.5000,1
Refath Transport ,4.8,14830.00,0.4194,0.9231,0.7941,0.0000,0.4412,0.6923,1
Rema's Herbal Beauty Parlour,4.822222222222222,31612.00,0.6038,0.8281,0.7440,0.0193,0.3623,0.9531,1
Rezaul Enterprise,5.0,15823.00,0.3587,0.8235,0.8660,0.0103,0.5567,0.8235,1
Ria Enterprise,5.0,430.00,1.0000,0.5000,0.5000,0.0000,0.0000,0.5000,1
Rifat Refrigerator,4.375,2768.05,0.5769,0.6452,0.7407,0.0185,0.4259,0.8065,1
Rintu Electronics,5.0,11060.00,0.5802,0.9167,0.7711,0.0120,0.3976,0.8333,1
Royal Refrigeration & Electronics ,4.666666666666667,2093.50,0.5190,0.5238,0.5824,0.0330,0.5385,0.6429,1
Royel Bangla,5.0,-80.00,0.0667,0.6667,0.5208,0.0208,0.9375,0.0000,1
Run-N-Fit GYM Equipment Services,4.583333333333333,4720.00,0.7647,0.3077,0.7647,0.0588,0.2353,0.7692,1
Rup Kotha beauty  salon,4.806451612903226,10009.00,0.7778,0.8077,0.8906,0.0000,0.1875,0.8269,1
Ruposhi Beauty Parlour,4.787878787878788,8503.00,0.6271,0.9565,0.7917,0.0139,0.3333,0.8261,1
S TEL Total Mobile Solution ,5.0,1070.55,0.2222,0.0000,0.3333,0.0000,0.7778,0.0000,1
S.I ENGINEERING,5.0,679.60,1.0000,0.6667,1.0000,0.0000,0.0000,0.0000,1
S.K Engineering ,4.0,2380.00,0.8000,0.5000,0.8000,0.0000,0.2000,0.0000,1
S.M.Home service,4.666666666666667,9080.00,0.7073,0.3235,0.7021,0.0638,0.2766,0.2941,1
S.M.S Enterprise ,4.0,636.00,0.6250,0.6000,0.6250,0.0000,0.3750,0.2000,1
S.S.O Automobile Workshop,4.25,1381.50,0.6667,0.8750,0.9091,0.0000,0.2727,0.7500,1
SA Enterprise,4.797101449275362,16455.95,0.6167,0.8190,0.8506,0.0325,0.2987,0.0952,1
Sabbir Electric,3.0,160.00,0.7500,1.0000,1.0000,0.0000,0.4000,0.0000,1
Safe Tech Solution,4.5,960.00,0.5714,0.2500,0.6429,0.1429,0.4286,0.0000,1
Saiful Electronic Works,4.909090909090909,3788.60,0.4191,0.9831,0.8889,0.0278,0.5347,0.5763,1
Sakib Rent A Car,5.0,725.50,1.0000,1.0000,1.0000,0.0000,0.0000,0.4286,1
Salman Enterprise ,4.787234042553192,21363.15,0.4976,0.9333,0.6256,0.0639,0.5114,0.8952,1
Samad Rent A Car,4.6,3866.55,0.0956,0.7222,0.6776,0.0329,0.8684,0.0000,1
Sara Enterprise,4.0,1384.34,0.0556,0.5000,0.5500,0.0500,0.9000,0.0000,1
Satota Refrigeration Service,4.066666666666666,12989.20,0.8372,0.5424,0.9143,0.0071,0.1000,0.1271,1
SB IT Solution,4.142857142857143,1632.50,0.8333,0.6818,0.8148,0.0370,0.1852,0.2727,1
Seyam Saimon Rent A Driver ,5.0,1732.50,0.6500,0.8750,0.8929,0.1071,0.4286,0.3125,1
Shadath Enterprise ,5.0,16710.00,1.0000,1.0000,1.0000,0.0000,0.0000,0.0000,1
Shaiful Rent a Car ,4.333333333333333,7186.61,0.1837,0.5556,0.4898,0.0204,0.7959,0.0000,1
Shama's SPA & Beauty Salon ,4.8,1659.00,0.5556,1.0000,0.6842,0.0000,0.4211,0.5455,1
Shamil Automatic Dry Cleaners ,4.555555555555555,1641.00,0.4576,0.1290,0.7536,0.0435,0.2754,0.0000,1
Shampa Shoes,4.866666666666666,890.00,1.0000,1.0000,0.9912,0.0000,0.0000,0.0000,1
Shananda Beauty Parlor ,4.333333333333333,2512.00,0.8750,0.9231,0.7857,0.0000,0.0714,0.9231,1
Sharmila Electronics,5.0,840.00,0.5000,0.0000,0.2500,0.0000,0.5000,0.0000,1
Sharmin Laundry & Dry Cleaners ,4.95,-14426.00,0.9236,0.5226,0.7176,0.0000,0.0765,0.0000,1
Shathi Electric,4.754385964912281,6704.65,0.6462,0.8061,0.8267,0.0200,0.3267,0.9694,1
She Beauty Parlor - DOHS,4.74,6545.50,0.7699,0.7800,0.7500,0.0156,0.2109,0.1300,1
Sheba Prime,4.795,0.00,1.0000,1.0000,0.0000,0.0000,0.0008,0.0000,1
SHEBA.XYZ Help Desk,4.327868852459017,18631.09,0.5914,0.3222,0.2121,0.0027,0.4157,0.3222,1
Sheba.xyz Premium Interior Design Services,4.30188679245283,182049.31,0.4630,0.2895,0.4722,0.0418,0.4949,0.4035,1
Shimu's Spa and Beauty Parlour,4.833333333333333,22678.85,0.4503,0.7717,0.5526,0.0158,0.5105,0.8478,1
Shimul Sanitary,4.733333333333333,1989.00,0.5692,0.3500,0.7391,0.0580,0.4203,0.9750,1
Shohag Enterprise,4.555555555555555,29686.50,0.3016,0.8947,0.8571,0.0159,0.6349,1.0000,1
Shohel Rana Enterprise,4.555555555555555,10146.25,0.2449,0.5385,0.7400,0.0200,0.6600,0.5385,1
Shopna Beauty Care,4.863636363636363,15429.35,0.5593,0.7692,0.6429,0.0286,0.3857,0.9487,1
Shopnil Beauty Parlour ,4.5,560.00,0.5000,1.0000,0.5000,0.0000,0.5000,0.0000,1
Shordar Engineering,2.0,250.00,0.1429,1.0000,0.5714,0.0000,0.8571,1.0000,1
Shuvo Electric and Electronics House,4.0,100.00,1.0000,0.0000,0.0000,1.0000,0.0000,0.0000,0
SIA Agrovet,5.0,360.00,1.0000,0.8333,0.8333,0.0000,0.0000,0.0000,1
Sikder Enterprise,5.0,240.00,0.3333,0.0000,0.3333,0.3333,0.6667,0.0000,0
Sirajganj Dairy Farm,4.446601941747573,5611.55,0.8544,0.9783,0.5941,0.0108,0.1237,0.0000,1
Sirajganj Dairy Farm Mirpur,4.389830508474576,10657.58,0.8732,0.9911,0.7093,0.0271,0.1318,0.0000,1
SK Power Solution ,4.75,1064.15,0.7273,0.8750,1.0000,0.0000,0.0909,0.6250,1
SK soft IT Service,5.0,40.00,0.5000,1.0000,0.5000,0.0000,0.5000,0.0000,1
Smart Expert,4.973333333333334,10155.80,0.6809,0.9908,0.8544,0.0190,0.2848,0.9450,1
Smart Expert - DOHS,5.0,197.50,0.4091,1.0000,0.8636,0.0455,0.5909,0.8889,1
Smart Mover,4.515151515151516,43403.25,0.3133,0.9231,0.8185,0.0161,0.6411,0.8718,1
SME VAI,1.0,335.05,0.0735,0.3333,0.3363,0.0177,0.9469,0.0000,1
SMS Engineering,5.0,3397.50,0.7200,1.0000,0.8000,0.0000,0.2400,0.7778,1
SN Electronics,4.886792452830188,11021.95,0.5145,0.7013,0.8446,0.0203,0.3243,0.7013,1
Sobuj Electronics,4.512195121951219,6536.40,0.5928,0.5625,0.8472,0.0873,0.3668,0.8542,1
SOFT GHOR,4.5,3230.00,0.3333,0.5000,0.4615,0.0769,0.6154,0.0000,1
Solve IT,4.833333333333333,732.50,0.7273,0.8750,0.7500,0.0000,0.3333,1.0000,1
SOMADHAN BD,5.0,40.00,1.0000,1.0000,1.0000,0.0000,0.0000,0.0000,1
South Bengal Technologies,4.538461538461538,1718.00,0.5532,0.0714,0.9000,0.1200,0.3400,0.2143,1
Spare Ninja,3.6666666666666665,3177.50,1.0000,0.0000,0.0000,0.0000,0.0000,0.0000,1
Spot Light ( Fast & Reliable Service ),4.711656441717792,6920.50,0.6157,0.5902,0.6761,0.0465,0.3804,0.6038,1
Srabonti Beauty Salon ,5.0,180.00,0.2000,1.0000,0.6000,0.0000,0.8000,1.0000,1
Srabonti Beauty Salon  - DOHS,4.823529411764706,4958.00,0.7692,0.9216,0.7273,0.0000,0.2273,0.8627,1
SRC Electric,4.0,99.80,0.1429,1.0000,0.2857,0.1429,0.7143,0.0000,1
Star Auto Power,4.786516853932584,68256.10,0.6637,0.7514,0.9049,0.0125,0.2666,0.7606,1
Star Auto Power - DOHS,5.0,5584.30,0.6373,0.4776,0.8505,0.0093,0.3645,0.7612,1
Suddho Catering,5.0,1275.00,1.0000,1.0000,1.0000,0.0000,0.0000,0.0000,1
Sufala Engineering & Refrigeration,4.0,226.00,0.5714,0.0000,0.2857,0.0000,0.2857,0.0000,1
Sufi Electric & Refrigeration,5.0,5936.35,0.7429,0.9759,0.9304,0.0174,0.2522,0.9277,1
Sujon Food Valley,3.7142857142857144,2180.80,0.7955,0.4103,0.8889,0.0556,0.2222,0.0000,1
Sumon Electric & Plumbing Service,4.555555555555555,9652.35,0.6207,0.6852,0.6774,0.0753,0.4086,0.9444,1
Sumon Star Cleaning Service,4.741379310344827,10937.45,0.6063,0.9535,0.7273,0.0350,0.3916,0.4302,1
Super and clean,4.451612903225806,16627.00,0.6260,0.6145,0.8931,0.0229,0.3435,0.6024,1
Super Cool Engineering Works ,3.0,565.00,0.6667,0.5000,0.3333,0.0000,0.3333,0.0000,1
Super Nova Automobiles,5.0,4354.00,0.3333,1.0000,0.6667,0.0000,0.6667,0.0000,1
Super Power,3.7142857142857144,2913.00,0.6250,0.6250,0.8077,0.0769,0.3846,0.5625,1
Supper Star Cleaning BD,5.0,910.00,0.3500,0.2500,0.5238,0.0000,0.6190,0.0000,1
Swadesh Auto ltd,5.0,673.70,0.2222,0.5000,0.1000,0.1000,0.8000,0.0000,1
System Care,4.488888888888889,5902.50,0.4022,0.5507,0.6205,0.0422,0.5301,0.6522,1
Taharim CNG Works,5.0,1133.31,0.1364,0.6667,0.6364,0.0000,0.8636,0.0000,1
Tahira's Frozen Food,5.0,1024.70,1.0000,0.4286,0.2857,0.1429,0.0000,0.0000,1
Tahsin Rent A Car,4.5,2685.00,0.2449,0.6667,0.8163,0.0000,0.6531,0.7500,1
Tajim Refrigerator & Engineering,4.0625,6564.70,0.8039,0.8085,0.9825,0.0175,0.1228,0.0000,1
Tania Enterprise,4.9393939393939394,29648.25,0.4361,0.5455,0.8562,0.0274,0.4726,0.0455,1
Tariq Rent A Car,5.0,12787.31,0.2656,0.6111,0.8714,0.0000,0.6857,0.0000,1
TCS Enterprise ,4.111111111111111,12604.70,0.4435,0.6724,0.6136,0.0758,0.4167,0.0690,1
Tech Zone,3.0,400.00,0.5000,1.0000,1.0000,0.0000,0.4444,0.0000,1
TECHNICAL EXPERT,4.904761904761905,5564.60,0.5584,0.6591,0.8205,0.0256,0.4103,0.1136,1
The Barbars Lounge,4.391304347826087,6092.50,0.6377,0.6226,0.6552,0.0230,0.3908,0.9623,1
The Car Hub Automobiles ,5.0,20855.50,0.4118,0.7778,0.7895,0.0000,0.4737,0.3333,1
Thyrocare Bangladesh Limited,4.8,4350.25,0.6154,0.4839,0.7442,0.0465,0.2093,0.0000,1
Tip Top Hair and Beauty Salon,4.625,17020.50,0.6746,0.9803,0.8433,0.0230,0.2949,0.9474,1
Tisha Enterprise,4.135135135135135,4240.00,0.5966,0.3378,0.7760,0.1120,0.4080,0.0000,1
Topclean Powered By Smart Launder,4.444444444444445,-3291.00,0.6566,0.2933,0.5439,0.1228,0.3333,0.0000,1
Tuhin Computer Center,4.68,3175.00,0.6415,0.8462,0.8448,0.0345,0.3276,0.8718,1
Uk Pest Control And Cleaning Service,4.428571428571429,2442.40,0.6364,0.8182,0.7059,0.0000,0.3529,0.0000,1
Update World,4.25,335.00,0.5294,0.7778,0.7059,0.1176,0.4118,0.7778,1
UT services center ,4.909090909090909,8940.75,0.6989,0.8788,0.9175,0.0206,0.2165,0.1667,1
Vai Vai Transport,4.142857142857143,6853.75,0.1875,0.5556,0.5208,0.0833,0.8125,0.3333,1
Vecras BD Ltd,5.0,425.00,0.4286,0.6667,0.7143,0.0000,0.5714,0.0000,1
Venus Beauty,4.878787878787879,19493.60,0.5920,0.9714,0.8280,0.0036,0.3728,0.7257,1
Vip Cleaning Services,4.3076923076923075,27759.00,0.5849,0.7971,0.7878,0.0204,0.4204,0.1449,1
Voltex Engineering,5.0,978.75,0.6000,1.0000,0.7143,0.0714,0.2857,1.0000,1
Vroom Services Ltd.,4.705882352941177,6752.60,0.5441,0.6486,0.7826,0.0145,0.4493,0.9730,1
Wajda Beauty Care,5.0,160.00,0.5000,1.0000,1.0000,0.5000,0.5000,0.0000,0
Wash Anywhere,4.5,1765.80,0.3333,0.2500,0.6667,0.0833,0.6667,0.0000,1
WASHBD,4.26984126984127,-2597.10,0.7109,0.2044,0.8811,0.0432,0.2162,0.0657,1
WashHobe,4.876623376623376,-2288.85,0.5953,0.7462,0.7809,0.0438,0.2474,0.1115,1
Washkoro,4.447368421052632,-2107.85,0.4702,0.2872,0.6597,0.1675,0.4450,0.0000,1
Wave's The Ocean of Beauty,5.0,160.00,1.0000,0.0000,1.0000,0.0000,0.0000,1.0000,1
Wheels Automotive Workshop,3.0,500.00,0.2500,1.0000,0.4000,0.0000,0.6000,0.0000,1
Windows Computer,5.0,563.55,0.3000,0.7143,0.4762,0.0000,0.6667,0.2857,1
Wooden Furniture,5.0,200.00,0.1818,0.5000,0.2727,0.1818,0.8182,0.5000,1
Work Point,5.0,80.00,1.0000,0.5000,1.0000,0.0000,0.0000,1.0000,1
Yasin Telecom,5.0,244.10,0.3514,0.1538,0.7368,0.0263,0.6053,0.0000,1
Yasin Traders,4.967741935483871,18315.00,0.3357,0.9444,0.9156,0.0130,0.6039,0.9444,1
Yeasin Electronics Service ,4.961538461538462,7372.50,0.6269,0.9333,0.9437,0.0563,0.3380,0.5111,1
Yes Computer Solution,4.8478260869565215,2772.75,0.6964,0.9000,0.8403,0.0168,0.2941,0.9125,1
yk computer system,5.0,150.00,0.3000,1.0000,0.5000,0.0000,0.7000,0.0000,1
YOLO catering,4.375,18816.50,0.5208,0.3704,0.6290,0.0161,0.5484,0.0000,1
Zakir Refrigeration Works,4.894366197183099,63985.75,0.6143,0.9975,0.9500,0.0151,0.3389,0.9602,1
ZARA ENGINEERING BD,5.0,2502.95,0.4902,0.9615,0.6346,0.0000,0.3846,1.0000,1
Zero Pest,5.0,4887.85,0.4878,0.8500,0.7381,0.0238,0.5000,0.0000,1
Ziaur Enterprise,4.428571428571429,8900.00,0.2200,0.5455,0.8039,0.0196,0.7843,0.3636,1
