sp_name,if_good_sp,mx_revenue,served_user_pct,ota_pct,ita_pct,complain_pct,cancel_pct,expert_app_usage,served_user_pct_cat,cancel_pct_cat
 Mahmud Rent A Car,0,598.00,0.2000,1.0000,0.0000,0.0000,0.8000,0.0000,0,0
 R H Dairy & Cattle Farming ,1,100.80,0.6667,1.0000,0.5000,0.2500,0.5000,0.0000,1,1
 Super Clean,0,13529.25,0.6398,0.3481,0.8502,0.0386,0.3285,0.7037,1,1
 Yasin Glass House,1,80.00,0.2222,0.5000,0.7778,0.1111,0.7778,0.5000,0,0
3Brothers Engineering,1,3470.00,0.6250,0.9000,1.0000,0.0588,0.4118,0.3000,1,1
3R Engineering & Technology,1,2638.50,0.6061,0.9048,0.8235,0.0588,0.3529,1.0000,1,1
777. Rent A Car,0,640.00,0.0625,1.0000,0.5625,0.1250,0.9375,0.0000,0,0
A R Motors & Car Wash,0,90.00,1.0000,1.0000,0.0000,0.0000,0.0000,1.0000,1,1
A-One Faris Cleaning & Pest Control,1,1200.00,0.5000,0.0000,0.0000,0.0000,0.5000,0.0000,0,1
A.R. Technology,0,30.00,0.3333,1.0000,0.0000,0.0000,0.6667,0.0000,0,0
ABC Rent A Car,0,290.00,0.5000,0.0000,0.0000,0.0000,0.5000,0.0000,0,1
Abdullah Dairy Farm,0,4880.00,0.6182,0.2459,0.4479,0.1823,0.3646,0.0000,1,1
Abdullah Electronics,1,5352.00,0.6782,0.9444,0.9100,0.0000,0.2800,0.9722,1,1
Abdullah Refrigeration ,1,29055.00,0.7237,0.7246,0.9402,0.0299,0.2735,0.5389,1,1
Adiba Rent a car,1,2293.48,0.4286,0.6667,1.0000,0.0000,0.5714,0.3333,0,0
Agni trade and engineering,1,1480.00,1.0000,1.0000,1.0000,0.2000,0.0000,0.4000,1,1
Air Care,0,8778.15,0.5000,0.3333,0.8298,0.0426,0.4787,0.3778,0,1
Air Connection,1,3060.80,0.6512,0.7500,0.8636,0.0909,0.3636,0.6786,1,1
Air Cool,1,73.60,0.7500,0.7500,1.0000,0.0000,0.2000,1.0000,1,1
AKT Transport Agency,1,45087.80,0.4776,0.8431,0.8199,0.0095,0.4976,0.5000,0,1
Al Amin Propitor,0,3930.70,0.7377,0.7500,0.8955,0.0299,0.2687,0.9167,1,1
Al Nur Restora,0,-6.00,0.1000,1.0000,0.7500,0.0000,0.9167,0.0000,0,0
Al Sakib Ambulance Service,0,5265.00,0.3611,0.4000,0.7250,0.0250,0.6250,0.0000,0,0
Al-Madina Rent A Car,0,6968.52,0.1667,0.1111,0.8246,0.0702,0.8421,0.0000,0,0
Alam Enterprise,1,18160.00,0.3438,0.2727,0.7813,0.0938,0.6563,0.5455,0,0
Ali Power Technology ,1,5911.10,0.7094,0.9318,0.9048,0.0317,0.2778,0.9886,1,1
All Brand Service Center ,0,5369.50,0.7015,0.8148,0.8289,0.0132,0.1711,0.0000,1,1
Allahar Dhan Poribohon,0,382.50,0.1000,1.0000,0.4000,0.1000,0.8000,1.0000,0,0
Amena glass and thai aluminium traders,0,120.00,0.1429,0.0000,0.1429,0.0000,0.8571,0.0000,0,0
Amran Refrigeration & Electric Service  ,1,150.00,0.6667,0.7500,0.1667,0.0000,0.3333,1.0000,1,1
Amzad Transport,1,17163.75,0.3235,0.3529,0.5926,0.0556,0.6389,0.6176,0,0
An Nazaf Laundry,0,676.50,0.5000,0.5714,0.5854,0.0732,0.4878,0.0000,0,1
Anan Pest Control,1,1919.80,0.5000,0.8333,0.8333,0.0000,0.4167,0.1667,0,1
Anks Creative,1,125.00,0.6667,0.5000,0.6667,0.3333,0.3333,0.0000,1,1
Anupoma,0,120.00,1.0000,1.0000,1.0000,0.0000,0.0000,1.0000,1,1
Apple Service Center BD,0,335.00,0.6667,0.0000,0.3333,0.0000,0.3333,0.0000,1,1
Arrow Corporation,1,82075.40,0.6425,0.8897,0.8918,0.0317,0.3659,0.7610,1,1
Arshad Enterprise,0,1745.00,0.1600,0.2500,0.9615,0.0385,0.6923,0.0000,0,0
AS Interior Design & Decoration,1,69848.50,0.4286,1.0000,0.4286,0.0000,0.5714,0.0000,0,0
ASAD Electric and Refrigeration Workshop,1,380.00,0.5000,0.4000,0.8000,0.1000,0.4000,0.8000,0,1
Ashad Baburchi Catering Service,1,7724.98,1.0000,1.0000,1.0000,0.0000,0.0000,0.0000,1,1
Asia Clean & Care BD,0,967.40,0.6786,0.6667,0.7059,0.0294,0.3824,0.0000,1,1
Asian Paints Bangladesh,0,1128.00,0.5000,0.5000,0.0000,0.3333,0.3333,0.0000,0,1
Asma Brac Certified-Dhanmondi,0,0.00,1.0000,0.5000,0.5000,0.0000,0.0000,0.0000,1,1
Asma Khatun Brac Certified-Dhanmondi,0,0.00,1.0000,0.5000,0.0000,0.0000,0.0000,0.0000,1,1
Athena Beauty Care,1,8928.15,0.6765,0.7636,0.7711,0.0241,0.3373,0.8182,1,1
Athena Beauty Care - DOHS,1,3471.50,0.7161,0.3468,0.6136,0.0284,0.2898,0.5968,1,1
Atomic Power Solutions,0,11675.85,0.6623,0.8333,0.7479,0.0142,0.3654,0.9640,1,1
Attire Laundry House,0,7289.99,0.4808,0.5691,0.7660,0.1835,0.3112,0.0110,0,1
Authentic Innovation Ltd.,0,625.00,0.5000,1.0000,0.5000,0.0000,0.5000,0.0000,0,1
Auto Gear,1,123434.65,0.5862,0.8022,0.8226,0.0277,0.4050,0.1200,1,1
Auto Gear - DOHS,1,1026.60,0.7500,0.8333,0.3043,0.0000,0.1739,0.5556,1,1
Auto Gear-DOHS,1,139.60,1.0000,1.0000,1.0000,0.0000,0.0000,0.0000,1,1
Automan.biz,1,1012.50,0.2500,1.0000,0.7500,0.0500,0.7500,0.6000,0,0
Avijatrik,0,0.00,0.0526,1.0000,0.1304,0.0000,0.9565,0.0000,0,0
Ayurveda  Beauty  Spa & Panchakormo,1,42520.00,0.6364,0.9701,0.7105,0.0000,0.1184,0.1791,1,1
Badda Laundry & Auto Dry Cleaners,0,142.70,0.4909,0.6667,0.6190,0.0317,0.4762,0.6061,0,1
Bahon Rent a Car,1,2560.45,0.2069,0.5000,0.8000,0.0000,0.8154,0.0000,0,0
Bangla Clean,1,36217.60,0.5747,0.5889,0.7662,0.0373,0.3104,0.4431,1,1
Bangla Cleaning Service,0,4027.00,0.6122,0.3590,0.8644,0.2203,0.3390,0.0000,1,1
Bangla Cleaning Service.,0,10983.50,0.7763,0.3412,0.7589,0.1518,0.1786,0.0000,1,1
Bangladesh engineering ltd,1,9124.50,0.6308,0.9110,0.8106,0.0342,0.2609,0.5381,1,1
Bangladeshi Engineering,1,2414.50,0.5370,0.8621,0.6379,0.0862,0.5000,0.7931,1,1
Bashar Engineering,1,8729.95,0.6774,1.0000,0.8235,0.0000,0.2647,0.8750,1,1
BD Cleaning Service LTD.,1,3440.00,0.5833,0.4286,0.8462,0.0769,0.4615,0.0000,1,1
BD Facility Management & Cleaning Service,0,6794.50,0.4945,0.0741,0.4516,0.0887,0.5565,0.0000,0,0
BD SHIFT ,1,45587.50,0.4545,0.9063,0.8372,0.0140,0.4791,0.3333,0,1
BD Technic,1,2553.40,0.7111,0.9804,0.7077,0.0308,0.2000,0.9216,1,1
Beautification and makeover by choity ,0,500.00,1.0000,1.0000,0.0000,0.0000,0.0000,0.0000,1,1
Beauty Bees ,1,10000.00,0.6933,0.9620,0.7500,0.0093,0.2685,0.9620,1,1
Beauty Cube by Israt,0,58843.50,0.7417,0.8833,0.7821,0.0217,0.2585,0.9218,1,1
Beauty Tree,1,10510.75,0.5065,0.7864,0.7113,0.0206,0.4588,0.8932,1,1
Bengal Furniture Mart,1,400.00,0.5000,0.0000,0.0000,0.5000,0.5000,0.0000,0,1
Berger Paints,1,2900.10,0.1667,0.6667,0.3571,0.0714,0.6429,0.6667,0,0
Best Clean Powered by Smart Launder,0,2363.80,0.7323,0.3121,0.5798,0.0840,0.2353,0.0000,1,1
Best Tech Service,1,8178.20,0.6792,0.9756,0.9032,0.0000,0.1613,0.5854,1,1
Bhai Bhai Enterprise & Rent-A-Car ,1,13229.46,0.2830,0.6250,0.5789,0.0351,0.7193,0.8750,0,0
Bhai Bhai Refregeration Service,0,50.00,1.0000,0.0000,1.0000,0.0000,0.0000,0.0000,1,1
Bhai Bhai Refrigerator,0,40.00,1.0000,1.0000,1.0000,0.0000,0.0000,0.0000,1,1
Bhai Bhai Transport,0,34322.00,0.2818,0.7500,0.9735,0.0354,0.6903,0.8438,0,0
Biddyut Electric,1,3174.00,0.5577,0.3968,0.7130,0.0348,0.4174,0.3333,1,1
Bismillah AC & Electrical Works,1,540.00,1.0000,1.0000,1.0000,0.0000,0.0000,0.0000,1,1
Bismillah Automobile,1,160.00,1.0000,0.0000,0.0000,0.0000,0.0000,0.0000,1,1
Bismillah Electric RRD.,1,3107.50,0.6912,0.5577,0.8718,0.0641,0.3205,0.2115,1,1
Bismillah Refregeration and Aircondition works ,0,140.00,1.0000,0.0000,1.0000,0.0000,0.0000,0.0000,1,1
Bisshosto IT,1,230.00,0.5000,1.0000,1.0000,0.0000,0.5000,0.0000,0,1
Blade 365,0,4750.00,0.5593,0.5349,0.6056,0.0563,0.3944,0.5814,1,1
Blue Horn,1,13067.84,0.2688,0.2759,0.7714,0.0381,0.7238,0.0000,0,0
Bluebirds Computer ,1,640.00,0.3000,0.3333,0.6667,0.1429,0.7143,0.6667,0,0
Bodlao Shifting Service,0,18500.00,0.4074,0.6923,0.8966,0.0345,0.3793,0.3846,0,1
Boishakhi Beauty Parlour,0,769.50,0.5862,0.8421,0.6452,0.0000,0.3871,0.5789,1,1
Borsha Refrigerator ,0,3937.50,0.6296,1.0000,0.9677,0.0645,0.2903,0.9500,1,1
Brac Trained Housemaid Service ,0,141192.20,0.8000,0.7949,0.5000,0.0286,0.1714,0.0000,1,1
Bridal Henna,1,1400.00,0.3636,1.0000,0.5833,0.0000,0.5833,0.0000,0,0
Bright Computer,1,6689.80,0.6014,0.7766,0.9608,0.0131,0.3660,0.0957,1,1
Building Design Technology & Construction,1,1300.00,0.1111,0.3333,0.4667,0.2000,0.9000,0.0000,0,0
Calcutta Dry Cleaner  ( GP ),1,37174.40,0.9898,1.0000,0.9951,0.0025,0.0080,0.0000,1,1
Calcutta Dry Cleaners,0,-6194.55,0.6882,0.1631,0.6244,0.1122,0.3024,0.0000,1,1
Calcutta Dry Cleaners (GP Exclusive),1,10108.30,0.8708,1.0000,0.9895,0.0026,0.0132,0.0000,1,1
Car Care,0,11204.20,0.3495,0.9189,0.8198,0.0270,0.6577,0.8378,0,0
Car Cleaning BD,1,20.50,1.0000,1.0000,1.0000,0.0000,0.0000,1.0000,1,1
Carnival Assure,1,672.20,0.3889,0.1429,0.5000,0.0000,0.6111,0.1429,0,0
CCC-CDC-24,1,2490.00,0.2326,0.5714,0.8689,0.0000,0.6066,0.0000,0,0
CCC-CDC-27,0,342.50,0.0476,1.0000,0.5000,0.0000,0.9545,0.0000,0,0
CCC-CDC-WARD NO 8,1,842.50,0.4000,0.8000,0.6667,0.0000,0.5833,0.0000,0,0
Chan Mia Traders,0,19396.50,0.5000,0.5789,0.8974,0.0256,0.4103,0.5263,0,1
Chattogram House - Office Shifting Service,0,5679.95,0.1667,0.5000,0.5833,0.0000,0.8333,0.0000,0,0
Chittagong Pest Control,0,430.00,0.5000,0.0000,0.0000,0.0000,0.5000,0.0000,0,1
Chittagong Refrigeration,1,-1095.65,0.7327,0.7431,0.9231,0.0280,0.2238,0.0642,1,1
City Sufa Cleaning Service ,1,26104.50,0.5357,0.8101,0.9467,0.0333,0.4333,0.0886,1,1
Clean Point Auto Dry Cleanrers,0,5053.75,0.7937,0.2217,0.3357,0.0464,0.1964,0.0000,1,1
Cleaning Expert BD,0,86658.07,0.7327,0.7987,0.8587,0.0436,0.2688,0.1958,1,1
Cleaning Expert BD - DOHS,0,10421.50,0.6173,0.1311,0.3531,0.0495,0.3927,0.0492,1,1
Cleaning Expert BD Mirpur DOHS,1,-4155.00,0.9730,0.4722,0.7750,0.0000,0.1000,0.0278,1,1
Color Interior,1,15824.00,0.2500,1.0000,0.5000,0.0000,0.5000,0.0000,0,1
Compromise Building Maintenance,0,15000.00,1.0000,1.0000,0.0000,1.0000,0.0000,0.0000,1,1
Computer Home Service,0,345.00,1.0000,1.0000,0.6667,0.1667,0.1667,0.0000,1,1
Confidence Power Refrigeration & Engineering  ,0,2245.30,0.6429,0.4000,0.6667,0.0667,0.3333,0.8000,1,1
Cooking Story,0,7783.00,0.4630,0.7333,0.5833,0.0417,0.5833,0.1333,0,0
Cooks Heaven,1,382.00,0.5385,0.5714,0.5000,0.1429,0.5000,0.0000,1,1
Cooks Heaven - DOHS,1,-1969.00,0.6250,0.3976,0.9132,0.0023,0.0183,0.0000,1,1
Cool Touch Service Point.,1,390.00,0.7500,0.3333,0.7500,0.0000,0.2500,0.3333,1,1
Coolpoint,1,480.00,0.5000,0.5000,0.7500,0.0000,0.5000,0.0000,0,1
Cornerstone Cleaning Service ,0,15.00,0.5000,1.0000,1.0000,0.0000,0.5000,1.0000,0,1
CORNERSTONE Systems Ltd.,1,46401.80,0.7218,0.9754,0.8737,0.0246,0.2514,0.5822,1,1
Creatography,0,57.00,0.2105,0.0000,0.1429,0.0476,0.7619,0.0000,0,0
CTG-Shuvo Rent A Car,0,649.50,0.1818,0.0000,0.5455,0.0000,0.8182,0.0000,0,0
CTG-Shymol Rent A Car,0,820.10,0.0417,1.0000,0.7059,0.0000,0.9608,0.0000,0,0
d-studio25,0,0.00,0.0714,0.5000,0.4828,0.0345,0.8276,0.0000,0,0
De Dairy,0,29024.40,0.8209,0.6879,0.8246,0.0478,0.1356,0.4297,1,1
de tempête,1,406.50,0.0588,1.0000,0.6667,0.0256,0.8718,0.0000,0,0
Dewan Traders,1,140.00,1.0000,1.0000,0.6667,0.0000,0.3333,0.0000,1,1
DG Packers & Shippers ,0,38200.00,0.2927,0.6154,0.7093,0.0814,0.6163,0.8846,0,0
Dhaka Barnyard,1,25053.97,0.8832,0.7457,0.8097,0.0351,0.1069,0.0017,1,1
Dhaka Electric 2,1,25625.25,0.5396,0.8443,0.7736,0.0315,0.4599,0.7869,1,1
Dhaka home service,1,7230.20,0.6371,0.8962,0.9088,0.0219,0.3248,0.8251,1,1
Dhaka IT Bari,1,2590.00,0.7143,0.9231,0.7778,0.0278,0.2778,0.0000,1,1
Dhaka Wash ,0,-79.85,0.3514,0.0000,0.1667,0.4524,0.6429,0.0000,0,0
Dhanmondi Brac Trained Housemaid Service ,0,21309.20,0.5000,1.0000,0.4444,0.0000,0.4444,0.0000,0,1
Dhanmondi Food ,0,3085.30,0.6875,0.9333,0.4634,0.0488,0.2683,0.0000,1,1
Diamond Shine Cleaning Service,1,25941.00,0.6652,0.3801,0.9808,0.0307,0.2989,0.4211,1,1
Digital Cleaning Service,1,47136.28,0.6657,0.8440,0.9261,0.0290,0.3140,0.5960,1,1
Din Islam Refrigeration & Electronics,1,994.80,0.5714,0.3750,0.9375,0.0000,0.3750,0.2500,1,1
Discipline Engineering ,0,2093.00,0.6897,0.6170,0.8923,0.0000,0.2769,0.8511,1,1
DNCC-CDC-04,1,400.00,0.1250,0.5000,0.1250,0.1250,0.8750,0.0000,0,0
DNCC-CDC-26,1,6284.50,0.1193,0.3824,0.6196,0.0184,0.7761,0.9118,0,0
"DNCC-CDC-44,45,46",1,200.00,1.0000,0.0000,1.0000,0.0000,0.0000,0.0000,1,1
DNS Dairy,0,10201.65,0.7108,0.5337,0.5087,0.0870,0.2747,0.0000,1,1
DOHS Priority Center,1,5650.00,0.9704,0.7386,0.7602,0.0051,0.1020,0.0000,1,1
Dolly's Online Women's Beauty Care,1,-600.00,0.8333,0.9167,0.7143,0.0000,0.0000,0.0000,1,1
Dora's Food & Catering,0,-1082.00,0.4667,0.2262,0.9146,0.0305,0.4451,0.0000,0,1
dorji-e,1,3000.00,1.0000,0.0000,1.0000,0.0000,0.0000,0.0000,1,1
Draft Card,1,14417.50,0.5817,0.4749,0.8492,0.0196,0.3771,0.5388,1,1
DSCC-CDC-20,1,5215.00,0.1125,0.4211,0.6271,0.0508,0.8136,0.2632,0,0
DSCC-CDC-40,1,200.00,0.1429,0.0000,0.2500,0.0000,0.8750,0.0000,0,0
Easy Service Point,0,100.00,1.0000,1.0000,1.0000,0.0000,0.0000,1.0000,1,1
Easyrooms,1,5892.35,1.0000,1.0000,0.6667,0.0000,0.0000,0.0000,1,1
EEE Home Service,1,8905.50,0.8356,1.0000,0.8462,0.0128,0.1923,0.9524,1,1
Elegant Dry Cleaners & Laundry,1,368.45,0.5841,0.1919,0.5938,0.0875,0.3750,0.0000,1,1
Elite Merchant ,1,7375.30,0.5625,0.4737,0.9104,0.0373,0.3060,0.7500,1,1
Ema Steel House,1,140.00,0.2500,0.0000,0.2500,0.0000,0.7500,0.0000,0,0
Emon Dry Cleaners,1,5143.50,0.8793,0.6109,0.9439,0.0033,0.0561,0.0000,1,1
EMU Enginieering Works,1,-150.00,0.6923,0.4737,0.6296,0.0370,0.2222,0.4737,1,1
Enna Enterprise,1,65319.35,0.4156,0.6993,0.8074,0.0595,0.5666,0.1503,0,0
ETC Service Solutions,1,1047.50,0.4884,0.9545,0.7045,0.0000,0.4773,0.7273,0,1
ETC Supply,1,459.20,0.2857,0.5000,0.4286,0.0000,0.7143,0.0000,0,0
Evergreen Engineering,1,8978.95,0.6343,0.7795,0.9130,0.0272,0.2826,0.6457,1,1
Expert Energy Engineering ,0,200.00,0.3333,1.0000,0.3333,0.3333,0.6667,0.0000,0,0
Express Solution,1,105583.64,0.4660,0.9377,0.8253,0.0180,0.4132,0.4670,0,1
F.R Furniture Works ,1,5375.00,0.1795,0.5714,0.7692,0.0000,0.8205,0.0000,0,0
Falaq Dairy Farm,0,142.00,0.2857,0.6667,0.0909,0.0909,0.7273,0.0000,0,0
Faria Enterprise,1,49158.70,0.3263,0.5588,0.8061,0.0408,0.5714,0.5000,0,0
Farid Traders,0,529.00,0.2857,1.0000,0.7143,0.0000,0.7143,0.5000,0,0
Faridpur Refrigerator Works ,1,625.00,0.2000,1.0000,0.6000,0.0000,0.6000,1.0000,0,0
Farmers Choice (ফারমার্স চয়েস),0,64.00,1.0000,0.5000,0.0000,0.0000,0.0000,0.0000,1,1
Fast AC Services BD,0,350.00,0.3750,0.0000,0.7500,0.0000,0.6250,0.0000,0,0
Fast Cleaning Service,0,20277.60,0.6696,0.8836,0.7914,0.0288,0.2986,0.4339,1,1
Fast Driver Center,0,34088.75,0.5357,0.7252,0.8609,0.0348,0.3957,0.0763,1,1
Fast Wheel Workshop Ltd,1,905.00,1.0000,1.0000,1.0000,0.0000,0.0000,0.0000,1,1
Faysal On Demand Driver ,0,700.00,0.4000,1.0000,0.6000,0.0000,0.6000,0.0000,0,0
Five Star Clean Expert,0,11593.70,0.5328,0.7667,0.8113,0.0881,0.4151,0.6556,1,1
FixNowBD,1,10205.00,0.7381,0.8750,1.0000,0.0000,0.2558,1.0000,1,1
Food Gossips,1,60.00,0.5000,1.0000,0.5556,0.0000,0.7778,0.0000,0,0
Four Technology,0,6006.70,0.6596,0.4231,0.8447,0.0621,0.3168,0.9423,1,1
FR Electric,1,625.00,0.5625,0.8125,0.8333,0.0000,0.3333,0.0000,1,1
Furniture Interior,1,22122.50,0.4091,0.7778,0.5833,0.0000,0.5833,0.1111,0,0
Furniture Interior - DOHS,1,1547.00,0.5294,0.5556,0.7059,0.0588,0.4706,0.0000,1,1
Furniture Interior DOHS,1,55.00,1.0000,0.0000,0.0000,0.0000,0.0000,0.0000,1,1
Furniture Village,1,1520.00,0.2222,0.8000,0.5333,0.0444,0.7778,0.0000,0,0
Fusion Food,0,552.00,0.7000,0.4000,0.5385,0.0769,0.2308,0.2000,1,1
Gadget Lab,0,225.00,0.2727,0.6667,0.6364,0.2727,0.7273,0.3333,0,0
Gazi Cool Touch Refrigeration ,1,5739.50,0.4444,0.8023,0.8368,0.0474,0.5368,0.1977,0,0
Glory Air Conditioning & Engineering,1,3117.00,0.5833,1.0000,0.8500,0.0000,0.4250,0.7727,1,1
Gorilla Cleaning & Pest Control Service,1,1789.00,0.9167,0.6364,0.8333,0.0833,0.0000,0.8182,1,1
Gowala,0,4009.70,0.7889,0.0932,0.4267,0.0640,0.2320,0.0000,1,1
Green Air Engineering ,1,13515.60,0.5125,0.7398,0.8901,0.0385,0.4478,0.9643,1,1
Green Air Refrigerator,0,5913.30,0.7500,0.9400,0.8841,0.0580,0.2464,0.4400,1,1
Green cool Refrigeration & Electrical,1,864.80,0.4667,0.4286,0.3333,0.0667,0.4667,0.0000,0,1
Green cool Regrigeration & Electrical,0,40.00,1.0000,1.0000,0.0000,0.0000,0.0000,0.0000,1,1
Green Oven Limited,1,42957.50,0.3929,0.8333,0.6552,0.0345,0.5862,0.0000,0,0
Green Technology,1,1765.00,0.6471,0.6667,0.8889,0.0000,0.3333,0.8333,1,1
Gulshan Brac Trained Housemaid Service,0,0.00,0.3333,1.0000,0.1429,0.1429,0.7143,0.0000,0,0
Gulshan Super Cleaning Service ,0,5798.00,0.5128,0.4286,0.9036,0.0482,0.4337,0.7143,1,1
Habib Door & Furniture,0,415.00,0.3333,0.3333,0.6667,0.2222,0.6667,1.0000,0,0
Habib Refrigerator,1,3296.00,0.7692,0.9545,0.8276,0.0345,0.2414,0.3636,1,1
Hasib Electrical Constitution ,0,4380.00,0.6720,0.7865,0.8872,0.1053,0.3158,0.0225,1,1
Hasina Brac Trained-Gulsan,0,0.00,1.0000,1.0000,0.0000,0.0000,0.0000,0.0000,1,1
Hazra Trade Corporation ,0,325.00,0.0455,0.0000,0.1250,0.0000,0.9583,0.0000,0,0
Hazrat Enterprise ,1,93370.25,0.4344,0.8855,0.8534,0.0230,0.5088,0.3893,0,0
Hello Laundry ,0,402.80,0.2941,0.2000,0.2105,0.1053,0.7368,0.0000,0,0
Himaloy Refrigeration & Electronics,1,1230.00,0.4118,0.5714,0.7059,0.0588,0.4706,0.4286,0,1
Home Art,0,160.00,1.0000,1.0000,1.0000,0.0000,0.0000,0.0000,1,1
Home Repair BD,1,93386.00,0.0944,0.4308,0.8126,0.0199,0.8308,0.0000,0,0
Home Service Expert,1,13760.75,0.7778,0.7687,0.8817,0.0699,0.2796,0.0448,1,1
HomeCare Solutions,1,13025.00,0.2500,0.6190,0.5844,0.0260,0.6883,0.0000,0,0
Homeshift ,0,1000.00,0.0476,0.0000,0.7727,0.0455,0.9545,0.0000,0,0
HTE,1,427.00,0.5455,0.5714,0.3333,0.0000,0.4167,0.1429,1,1
HydroWashing,1,8422.75,0.2308,0.5000,0.6585,0.0000,0.7073,0.0000,0,0
Ibrahim Dealer ,1,6135.00,0.2157,0.7273,0.4231,0.0000,0.7500,0.2727,0,0
Ibrahim Enterprise ,0,7100.00,0.6667,0.5000,0.3333,0.3333,0.3333,0.0000,1,1
Ideal Eletronics,1,2375.00,0.7297,0.9118,0.8261,0.0000,0.2174,0.0000,1,1
Imran Rent A Car Service,1,12569.45,0.3871,0.9167,0.9063,0.0156,0.6250,0.7083,0,0
INP Engineering,0,2045.00,0.7667,0.6522,1.0000,0.0323,0.2581,0.3478,1,1
Irradiance Design,1,4160.00,0.4118,0.8571,0.7778,0.0000,0.6111,0.4286,0,0
Ishrat Agro,0,13757.00,0.8358,0.3529,0.6944,0.0269,0.1311,0.0000,1,1
Ishrat Agro (Moghbazar),1,4270.90,0.9024,0.1818,0.6020,0.0714,0.1020,0.0000,1,1
Islamia Corporation - DOHS,0,180.00,0.5000,1.0000,0.5000,0.0000,0.5000,0.0000,0,1
Islamia Corporation Trading,0,70334.00,0.3519,0.4783,0.3906,0.1094,0.4688,0.0000,0,1
Islamia corporation trading DOHS,0,30.00,1.0000,0.0000,0.0000,0.0000,0.0000,0.0000,1,1
Ismail Shifting Service Ltd,0,17225.30,0.3659,0.8000,0.9268,0.0244,0.3659,0.0000,0,1
Israt Cleaning Service,1,1762.50,0.5625,0.5652,0.5161,0.0323,0.2581,0.0435,1,1
IT House BD,1,19617.25,0.6585,0.9155,0.9300,0.0280,0.2720,0.7042,1,1
IT Solutions,1,530.00,0.4000,0.5000,0.7000,0.0000,0.5000,0.0000,0,1
IV Dairy Farm,1,9150.75,1.0000,0.9286,0.5000,0.0000,0.0000,0.0000,1,1
J.G Air Refrigeration ,0,4031.30,0.6364,0.3182,0.6571,0.0857,0.3714,0.0000,1,1
Jahanara Engineering ,0,269.40,1.0000,1.0000,0.0000,0.0000,0.0000,0.0000,1,1
Jahid Engineering ,0,10243.50,0.6201,0.5593,0.8821,0.0359,0.3744,0.9831,1,1
Jahir Enterprise,0,115.00,0.5000,1.0000,0.6000,0.2000,0.5000,0.8000,0,1
Jasmin Brac Trained-Gulshan,0,0.00,1.0000,1.0000,0.0000,0.0000,0.0000,0.0000,1,1
Jhulekha Brac Trained-Gulsan,0,0.00,1.0000,1.0000,0.0000,0.0000,0.2500,0.0000,1,1
Jhuma Beauty Salon,1,3414.50,0.4865,0.8333,0.4550,0.0529,0.4656,0.9375,0,1
Jhuma Beauty Salon - DOHS,1,200.00,0.1250,0.5000,0.4545,0.0000,0.8182,0.0000,0,0
Jhuma Beauty Salon DoHS,0,500.00,0.6667,0.5000,0.6667,0.0000,0.3333,0.0000,1,1
Jia Home Shift,1,5545.00,0.3333,0.8000,0.9375,0.0000,0.3750,1.0000,0,1
Jia Transport,0,24970.00,0.3239,0.5833,0.8108,0.0270,0.6622,0.5000,0,0
JK laundry house,0,-36.00,0.6667,0.2500,0.1111,0.1111,0.5556,0.0000,1,0
Joshna Brace Certified-Gulshan,0,0.00,1.0000,1.0000,0.0000,0.0000,0.0000,0.0000,1,1
JS Home Service,0,7625.65,0.5966,0.6636,0.8947,0.0632,0.4158,0.2804,1,1
KABIR Painting service ,1,9290.00,0.0962,0.4000,0.6538,0.0769,0.8846,0.2000,0,0
Karigor,1,4580.00,0.1837,0.5556,0.5800,0.0400,0.8000,0.1111,0,0
Kashem Resource Management And Consultancy Services,1,1047.80,0.2778,0.8000,0.7222,0.2778,0.7222,0.4000,0,0
Kayed Enterprise ,0,339.20,0.4000,1.0000,0.4375,0.0625,0.6250,0.6667,0,0
Kazi IT Foundation,0,14387.00,0.5708,0.5271,0.8686,0.0805,0.2839,0.0310,1,1
Khalil Transport,0,23910.00,0.3333,0.6190,0.7705,0.0000,0.5246,0.7143,0,0
Khan Enterprises,1,6890.35,0.5082,1.0000,0.9688,0.0000,0.1719,0.7188,1,1
KHANS INTERIOR and ELECTRONICS,0,2545.00,0.0600,0.3333,0.3786,0.0291,0.9417,0.0000,0,0
Kitchen Mart,1,2700.00,1.0000,0.0000,0.0000,0.0000,0.0000,0.0000,1,1
Kowsar Enterprise,1,60232.47,0.6742,0.8712,0.8004,0.0443,0.3098,0.7812,1,1
Kowsar Enterprise - DOHS,1,67326.15,0.7636,0.8782,0.8751,0.0208,0.2383,0.6317,1,1
KSL Services Ltd,0,13252.50,0.5233,0.8468,0.7840,0.0563,0.4554,0.5766,1,1
Kulsum Furniture,0,390.00,0.2500,0.2500,0.4375,0.0000,0.7500,0.5000,0,0
L N Salkor Laundry,1,13242.30,0.9420,0.9904,0.9474,0.0000,0.0093,0.0000,1,1
Labib Dairy Farm,0,1450.80,0.5870,0.7742,0.4127,0.0317,0.5079,0.0000,1,0
Labib Rent a Car,0,20637.68,0.2756,0.3380,0.6481,0.0444,0.7259,0.2958,0,0
Laundry Bee,1,-2693.00,0.6667,1.0000,0.9268,0.0000,0.0244,0.0000,1,1
Laundry Express,0,23639.55,0.6497,0.2388,0.4933,0.0903,0.1968,0.0000,1,1
Laundry Mama,0,377.50,0.3750,0.7143,0.5500,0.0000,0.3500,0.0000,0,1
LAUNDRYMATE,1,754.40,0.6053,0.1875,0.4948,0.0722,0.3299,0.0000,1,1
Lazania Catering ,0,280.00,0.6000,1.0000,0.5556,0.0000,0.2222,0.0000,1,1
Limon Transport Agency,0,24155.00,0.4737,0.8889,0.8974,0.0000,0.4359,0.5000,0,1
linked Auto Mobiles,1,2265.00,0.3548,0.7273,0.8387,0.0645,0.6452,0.8182,0,0
Lubna'Z Mehedi,1,200.00,0.3333,1.0000,0.7500,0.0000,0.7500,0.0000,0,0
M R Auto Care,0,100.00,0.1667,1.0000,0.1667,0.0000,0.8333,0.0000,0,0
M R Shiritee Builders,1,27186.04,0.2257,0.8197,0.7519,0.0222,0.7593,0.0000,0,0
M S.Water Purifiers Technology ,0,655.00,0.6000,1.0000,0.6667,0.1667,0.3333,0.0000,1,1
M. Store,1,4316.00,0.4000,0.5000,0.3636,0.0909,0.6364,0.0000,0,0
M.A Trade Incorporate,0,2101.00,0.5417,0.5714,0.4444,0.0000,0.4074,0.0000,1,1
M.S Bhai Bhai Plumbing & Engineering,0,80.00,0.5000,1.0000,0.6667,0.0000,0.3333,0.0000,0,1
M.S.K Engineering,1,1215.00,0.5263,0.7000,0.9474,0.0000,0.3158,0.2000,1,1
M/S Mannan Enterprise,1,615.10,0.1538,0.0000,0.0769,0.2308,0.8462,0.5000,0,0
M/S. Ove Electric Engineering.  ,1,620.00,1.0000,0.7143,1.0000,0.0000,0.0000,0.0000,1,1
M/S. Shamsul Metal & Construction,1,360.00,0.3333,1.0000,0.5000,0.0000,0.5000,0.0000,0,1
M\S Mim Collection,0,17540.00,1.0000,0.4615,0.2593,0.0000,0.0370,0.4231,1,1
Ma Babar Doya Refrigeration&Electronice,1,6384.80,0.7624,0.7923,0.9617,0.0048,0.1148,0.2514,1,1
Ma Babar Dua Transport,0,20047.50,0.4157,0.8421,0.9333,0.0444,0.5222,0.7895,0,0
Ma Furniture mart,1,710.00,0.1111,0.0000,0.4444,0.0000,0.5000,0.0000,0,1
Ma Refrigeration Works,0,11129.70,0.5533,0.9176,0.9620,0.0506,0.4494,1.0000,1,1
Maa Engineering ,1,4175.00,0.7391,0.9412,0.6957,0.0000,0.1739,0.8235,1,1
Maa Engineering & Steel Works,0,550.00,0.2857,0.5000,0.8571,0.0000,0.7143,0.0000,0,0
Mac & Win Computer Solution,1,100.00,0.5000,1.0000,1.0000,0.0000,0.0000,0.0000,0,1
Mahafuj Electrical Work ,1,1165.00,0.5625,0.7778,0.6875,0.0000,0.4375,0.8889,1,1
Mahinur Brace Certified-Gulshan,0,0.00,0.3333,0.5000,0.0000,0.0000,0.5000,0.0000,0,1
Mahmuda saintary,1,1045.00,0.7273,1.0000,0.7826,0.0000,0.3043,0.8750,1,1
Mahmudul Electric,1,2025.00,0.5227,0.2800,0.8298,0.0426,0.3404,1.0000,1,1
Mahmudul Electric and Sanitary House,0,7882.55,0.5783,0.3669,0.8745,0.0243,0.4372,0.9856,1,1
MAKER HOLIDAYS,1,140047.30,0.5385,0.8750,0.3333,0.0556,0.5556,0.6250,1,0
Mamun Transport,1,14665.00,0.3077,0.6250,0.7692,0.0385,0.5385,0.6250,0,0
MBM- Munshi Bangladesh Limited,1,1890.00,0.2273,0.2000,0.1304,0.0870,0.7826,0.0000,0,0
MEDA ( Micro Entrepreneur Development Academy ) ,1,2259.50,0.9902,0.9971,0.9683,0.0000,0.0086,0.0058,1,1
Meerab Car Rentals,0,680.00,0.2500,1.0000,0.2500,0.0000,0.7500,0.0000,0,0
Mehedi Paradise ,0,700.00,0.4000,0.0000,0.2000,0.0000,0.6000,0.0000,0,0
Mehedi Rang by Tahia,0,1770.00,0.6667,0.5000,0.3333,0.0000,0.3333,0.0000,1,1
Mehendi by mimi,1,4370.00,0.7368,0.6429,0.7368,0.0526,0.2632,0.0000,1,1
Mesmeric Makeover Story by Pritty,1,1425.00,1.0000,0.5000,0.8750,0.0000,0.2500,0.0000,1,1
Metroshine,1,1319.50,0.2727,0.0000,0.5417,0.1667,0.7083,0.0000,0,0
MHB Technology ,1,40.00,0.2500,0.0000,0.5000,0.0000,0.5000,0.0000,0,1
MI Electronics & Electric Servicing Center ,1,6421.82,0.6364,0.7759,0.7979,0.0532,0.3404,0.9828,1,1
Mistri,1,85675.50,0.7537,0.8721,0.9386,0.0312,0.2258,0.8776,1,1
Mistri Painting Solution,1,3286.50,0.1739,1.0000,1.0000,0.0000,0.6522,0.2500,0,0
MITALI ENTERPRISE,1,766.00,0.8077,0.9634,0.3708,0.0000,0.0787,0.0000,1,1
Mizan Enterprise ,0,3800.00,0.5000,0.0000,1.0000,0.0000,0.5000,0.0000,0,1
MJ Hossain & Associates,1,6750.00,0.7179,0.0000,0.4390,0.0488,0.2683,0.0000,1,1
MK Cleaning Service ,0,37510.75,0.5455,0.9228,0.8057,0.0486,0.3583,0.8296,1,1
MMA Enterprises ,0,1674.30,0.6792,0.7179,0.8393,0.0536,0.2500,0.4615,1,1
Mobile Care & Service Center,0,85.00,0.3333,0.0000,0.0000,0.0000,0.6667,0.0000,0,0
Modern Enterprise,0,1158.75,0.5556,0.7000,0.7368,0.0000,0.4211,0.0000,1,1
Mohajoner Nao,0,44688.00,1.0000,1.0000,1.0000,0.0000,0.0000,0.0000,1,1
Mohammadi Dry Cleaner,1,149.70,0.8000,0.0833,0.2941,0.1765,0.2941,0.0000,1,1
Mohammadi Dry Cleaner - DOHS,0,-1438.30,0.7647,0.0652,0.4068,0.2373,0.1864,0.0217,1,1
Mohammadi Dry Cleaner (Mirpur DOHS),0,712.10,0.6667,0.6000,0.5294,0.1765,0.5588,0.0000,1,0
Mohasin Thai and Glass,1,180.00,0.2500,0.3333,0.3333,0.1667,0.7500,0.0000,0,0
Mohua Beauty Care,1,33680.90,0.6687,0.6602,0.7171,0.0157,0.2829,0.9586,1,1
Moni's Kitchen ,0,100.00,0.5000,0.0000,0.0000,0.0000,0.5000,0.0000,0,1
Monis Beauty Parlor,0,1563.00,0.6923,0.9091,0.5882,0.0000,0.3529,1.0000,1,1
Mostofa Enterprise,0,15603.50,0.5714,0.3333,0.6486,0.0270,0.3243,0.5714,1,1
Mother Rent A Car,1,598.00,0.2500,0.0000,0.5000,0.0000,0.7500,0.0000,0,0
Moyna Brac Trained-Gulsan,0,0.00,0.5000,1.0000,0.0000,0.0000,0.5000,0.0000,0,1
MRB Auto Dry Cleaners ,0,-77.50,0.6000,0.5000,0.2000,0.1000,0.3000,0.0000,1,1
MS Auto Solutions,0,3480.00,0.2500,0.3333,0.6667,0.0000,0.6667,0.0000,0,0
Mughal Khana,1,54164.40,0.6667,0.6000,0.5667,0.0667,0.3333,0.0000,1,1
Multi Auto Care Workshop,0,15319.80,0.4865,0.8333,0.6667,0.0256,0.5128,0.0000,0,0
Murshada Brac Certified-Gulshan,0,0.00,1.0000,1.0000,0.0000,0.0000,0.0000,0.0000,1,1
myRADAR Smart Vehicle Tracker,0,800.00,0.2500,0.0000,0.2500,0.5000,0.7500,0.0000,0,0
N79,0,250.00,0.5000,1.0000,0.8750,0.0000,0.3750,0.0000,0,1
Nabil Cleaning Service ,0,2270.00,0.7222,0.7333,0.8182,0.0909,0.3182,0.0000,1,1
Nafin Refrigeration & Air Condition  ,0,214.80,0.4286,0.3333,0.2857,0.0000,0.5714,0.0000,0,0
Nahar IT Solutions,0,638.50,0.4464,0.4400,0.7000,0.0500,0.5500,0.0000,0,0
Nargis Brac Certified-Gulsan ,0,0.00,1.0000,0.5000,0.5000,0.0000,0.0000,0.0000,1,1
Nasima Brac Trained-Gulshan,0,0.00,1.0000,1.0000,1.0000,0.5000,0.0000,0.0000,1,1
Nayan International Service Center,0,100.00,0.2500,1.0000,0.5000,0.0000,0.7500,0.0000,0,0
NET CONNECT,1,1100.00,0.3750,0.1111,0.6400,0.0400,0.6000,0.0000,0,0
New Akhi Rent A Car,0,7222.26,0.0900,0.1111,0.5888,0.0467,0.9159,0.8889,0,0
New car care,0,5290.40,0.4595,0.6471,0.7027,0.0270,0.5135,0.2353,0,0
New computer solution,0,120.00,0.3333,1.0000,0.0000,0.0000,0.6667,0.0000,0,0
New Imtiaz Refrigeration ,1,19459.25,0.5660,0.7553,0.8438,0.0373,0.4219,0.3038,1,1
New Paris Refrigeration & Engineering ,0,41902.05,0.3306,0.6341,0.8295,0.0465,0.6822,0.7073,0,0
New Sordar Automobile,1,25855.00,0.5000,0.6667,1.0000,0.0833,0.5000,0.6667,0,1
New Sordar Automobile - DOHS,0,2940.00,0.6000,0.6667,0.6000,0.0000,0.4000,0.0000,1,1
NF Engineering,1,5156.70,0.6341,0.9831,0.9348,0.0217,0.2065,0.9831,1,1
NG Automobile,0,100.00,1.0000,1.0000,0.0000,0.0000,0.0000,0.0000,1,1
Nirapad Service & Repair,1,430.00,0.5625,0.4444,0.8125,0.1875,0.4375,0.1111,1,1
Nirapod Service And Repair,1,200.00,1.0000,0.0000,1.0000,0.0000,0.0000,1.0000,1,1
North Pole Autos Pvt. Ltd.,0,10216.75,0.8000,1.0000,1.0000,0.0000,0.2000,0.0000,1,1
Northstar Interior Design,0,6930.20,1.0000,1.0000,1.0000,0.0000,0.0000,0.0000,1,1
NR Solutions,1,1444.80,0.4815,0.6923,0.6429,0.0357,0.5000,0.0769,0,1
NS Refrigeration,0,120.00,1.0000,0.0000,0.0000,0.0000,0.0000,0.0000,1,1
NS Technology	,0,200.00,0.2500,0.5000,0.6000,0.0000,0.6000,0.0000,0,0
Nur Refrigeration,0,305.00,0.5000,1.0000,0.5000,0.0000,0.5000,0.0000,0,1
Nur Regrigeration & Electrical,1,80.00,1.0000,0.0000,0.0000,0.0000,0.0000,0.0000,1,1
Oggro Dairy ,1,23012.18,0.8642,0.1514,0.6766,0.0299,0.0931,0.0000,1,1
Oggro Dairy (Banani),1,2470.70,0.7234,0.0495,0.4182,0.0327,0.1964,0.0000,1,1
Ok Thanks BD,0,7760.00,0.1429,0.4286,0.6465,0.0303,0.8283,0.5000,0,0
"Once Pest Control Service, Bangladesh.",0,100.00,0.5000,1.0000,0.5000,0.0000,0.5000,0.0000,0,1
One Star Glass & Technologies ,1,7190.00,0.4167,0.0909,0.7778,0.0370,0.5556,0.8182,0,0
Open Truck,1,4.00,1.0000,1.0000,0.0000,0.0000,0.0000,0.0000,1,1
Opshori Beauty Salon,1,9466.75,0.6134,0.9293,0.8153,0.0000,0.3631,0.8687,1,1
Pacific Glass & Thai,0,260.00,0.3000,0.0000,0.5455,0.0909,0.6364,0.2500,0,0
Pack N Move,1,89214.80,0.5474,0.9741,0.9517,0.0386,0.3671,0.9397,1,1
Pack N Move BD,1,54197.25,0.4348,0.9136,0.9418,0.0159,0.4974,0.8642,0,1
Pack N Move-DOHS,0,480.00,1.0000,1.0000,1.0000,0.0000,0.0000,0.0000,1,1
Paris Engineering Solution,1,9598.00,0.1094,0.3750,0.7424,0.0606,0.3939,0.2500,0,1
Parvez Driver Service,0,2100.00,0.3333,0.0000,0.3333,0.0000,0.6667,0.0000,0,0
Perfect Glamorous Touch By Jahan,0,985.00,0.6154,0.6667,0.4000,0.0000,0.3333,0.0000,1,1
Phone Fixers,0,40.00,0.0909,0.0000,0.1818,0.0000,0.9091,0.0000,0,0
pickRdrop,1,410.00,0.3333,0.8000,0.5714,0.0476,0.7619,0.8000,0,0
PINK Salon ,1,75186.20,0.6173,0.7056,0.8007,0.0159,0.2301,0.0646,1,1
Polash Furniture,0,15141.00,0.2078,0.8529,0.7840,0.0370,0.6790,0.0882,0,0
Popular Diagnostic Centre Ltd,0,40.00,0.2500,0.0000,0.2500,0.0000,0.7500,0.0000,0,0
Powerpro Engineering,0,495.00,0.4762,0.5000,0.6250,0.0000,0.5000,0.0000,0,1
Praava Health ,0,50.00,0.3333,1.0000,0.0000,0.0000,0.6667,0.0000,0,0
Premier Catering,0,9600.00,1.0000,0.0000,1.0000,0.0000,0.0000,0.0000,1,1
Primo Technologies,0,1250.00,0.5000,0.5000,0.5000,0.2500,0.5000,0.0000,0,1
Priority Center - DOHS,1,264049.80,0.9286,0.3556,0.5955,0.0125,0.1243,0.2504,1,1
Priority Center Laundry - DOHS,0,-2160.00,0.1687,0.6000,0.6634,0.0149,0.0396,0.0000,0,1
Priority Center Milk - DOHS,1,5587.00,0.7778,0.0682,0.9172,0.0059,0.0000,0.0000,1,1
Professional Housemaid - DOHS ,1,600.00,1.0000,0.7500,1.0000,0.0000,0.0000,0.0000,1,1
Professional Housemaid Service - DOHS ,0,33634.80,0.5568,0.4909,0.6147,0.0092,0.3853,0.0000,1,1
Professional Housemaid Service DOHS ,0,7155.00,0.6338,0.6522,0.6933,0.0133,0.3867,0.0000,1,1
Project SHETU,0,760.00,0.0741,1.0000,0.7742,0.0645,0.9355,0.0000,0,0
Promiging Cleaning & Pest Control Service ,0,1975.90,0.5926,0.3750,0.8438,0.1250,0.5000,0.0000,1,1
Prominent IT,1,2072.50,0.5313,0.7222,0.9057,0.0094,0.4906,0.7963,1,1
Prottasa Enterprise ,1,1500.00,0.1818,0.5000,0.1429,0.0000,0.6429,0.0000,0,0
Q service,0,1230.00,0.4545,0.6000,0.8182,0.0000,0.4545,0.4000,0,1
Queen Beauty Parlour,1,3585.50,0.6250,0.9032,0.7308,0.0000,0.3846,0.9677,1,1
R F Engineering Co.,1,100.00,0.5000,1.0000,0.6667,0.0000,0.6667,0.0000,0,0
R-Stone,0,3505.00,0.4688,0.2353,0.3421,0.0526,0.5526,0.0000,0,0
R.S Computer Technology ,0,1122.50,0.5333,0.0000,0.4375,0.1875,0.4375,0.7778,1,1
Rabbi  Super Cleaning Service,1,11395.26,0.7257,0.6250,0.7705,0.0328,0.2377,0.1932,1,1
Rafid Engineering ,1,3245.90,0.7049,0.5349,0.6406,0.0156,0.2969,0.5581,1,1
Rahman's Dairy,1,15004.00,0.5190,0.3095,0.6228,0.0210,0.2036,0.0000,1,1
Rajdani Electric,0,80.00,1.0000,1.0000,1.0000,0.0000,0.0000,0.0000,1,1
Rajib Electric &  Electronics Service,1,10145.00,0.6900,0.9315,0.9143,0.0190,0.2667,0.9589,1,1
Rajib Electric and Electronics Service 2,0,20183.95,0.5829,0.7429,0.9835,0.0110,0.3571,0.8667,1,1
Ramzan Transport,0,17565.00,0.6500,0.8846,0.9250,0.0250,0.2500,0.8462,1,1
Rangpur Auto & Engineering Workshop,0,1336.90,0.2414,0.1429,0.7000,0.1000,0.7667,0.0000,0,0
Ranna Ghor,1,60.00,0.1818,1.0000,0.4706,0.0000,0.8235,0.6667,0,0
Rapid Clean,1,-11385.75,0.7210,0.9302,0.8575,0.0346,0.2918,0.0000,1,1
RapidMovers ,1,26215.35,0.2108,0.6757,0.8580,0.0455,0.7386,0.7297,0,0
RapidMovers Global,0,3880.00,0.1452,0.5000,0.6212,0.0455,0.7879,0.7500,0,0
Rasel Rent A Car,1,580.00,0.1429,0.0000,0.4286,0.0000,0.8571,0.0000,0,0
Rasel Shifting Service,1,39161.65,0.4000,0.9403,0.8675,0.0728,0.4901,0.8507,0,1
Ratan & Brothers ,1,7528.95,0.7125,0.6462,0.8791,0.0659,0.2747,0.8308,1,1
RC Computer ( Fast & Smooth Service ),1,2074.00,0.7021,0.7297,0.8269,0.0288,0.2788,0.5270,1,1
Red Yellow Trading,1,1500.00,0.0800,1.0000,0.7600,0.1200,0.9200,0.5000,0,0
Refath Transport ,1,14830.00,0.4483,0.9231,0.7742,0.0000,0.4194,0.6923,0,1
Rema's Herbal Beauty Parlour,1,32596.00,0.6024,0.8296,0.7407,0.0185,0.3611,0.9556,1,1
Rezaul Enterprise,1,12023.00,0.3409,0.8387,0.8696,0.0109,0.5543,0.8065,0,0
Ria Enterprise,1,430.00,1.0000,0.5000,0.5000,0.0000,0.0000,0.5000,1,1
Rifat Refrigerator,0,2563.05,0.5686,0.6333,0.7358,0.0189,0.4340,0.8000,1,1
Rintu Electronics,1,11060.00,0.5949,0.9167,0.7654,0.0123,0.4074,0.8125,1,1
Ripon Refrigeration & Works,0,100.00,1.0000,1.0000,1.0000,0.0000,0.0000,1.0000,1,1
Romiza Brac Certified-Gulsan ,0,0.00,1.0000,0.5000,0.0000,0.0000,0.0000,0.0000,1,1
Royal Refrigeration & Electronics ,1,1878.50,0.4935,0.4872,0.5730,0.0337,0.5506,0.6923,0,0
Royel Bangla,1,-80.00,0.0667,0.6667,0.5208,0.0208,0.9375,0.0000,0,0
Run in Rent A Car,0,900.00,0.5000,1.0000,1.0000,0.0000,0.5000,0.0000,0,1
Run-N-Fit GYM Equipment Services,1,5325.00,0.7778,0.3103,0.7838,0.0811,0.2162,0.7586,1,1
Rup Kotha beauty  salon,1,10009.00,0.7778,0.8077,0.8906,0.0000,0.1875,0.8269,1,1
Rupali Brace Certified-Gulshan,0,0.00,1.0000,1.0000,0.0000,0.0000,0.0000,0.0000,1,1
Ruposhi Beauty Parlour,0,8354.00,0.6462,0.9600,0.8077,0.0128,0.3205,0.8200,1,1
S S Cooling Center,0,179.60,0.2500,0.0000,0.7500,0.0000,0.5000,0.0000,0,1
S S Engineering Air Condition,0,800.00,0.2000,0.0000,0.1000,0.0000,0.7000,0.0000,0,0
S TEL Total Mobile Solution ,1,1070.55,0.2222,0.0000,0.3333,0.0000,0.7778,0.0000,0,0
S.I ENGINEERING,0,579.80,0.6667,0.5000,1.0000,0.0000,0.0000,0.0000,1,1
S.K Engineering ,0,2380.00,0.8000,0.5000,0.8000,0.0000,0.2000,0.0000,1,1
S.M.Home service,1,9680.00,0.7143,0.3429,0.6875,0.0625,0.2708,0.2857,1,1
S.M.S Enterprise ,0,636.00,0.6250,0.6000,0.6250,0.0000,0.3750,0.2000,1,1
S.S.O Automobile Workshop,0,1381.50,0.6667,0.8750,0.9167,0.0000,0.3333,0.7500,1,1
S4S Service,0,140.00,0.5000,0.0000,0.2500,0.0000,0.5000,0.0000,0,1
SA Enterprise,1,16190.95,0.6017,0.8333,0.8487,0.0329,0.3026,0.0784,1,1
Sabbir Electric,0,160.00,0.7500,1.0000,1.0000,0.0000,0.4000,0.0000,1,1
Sadia's Dine,0,48.00,0.3333,1.0000,0.6667,0.0000,0.6667,0.0000,0,0
Safe Tech Solution,0,1000.00,0.5294,0.3333,0.6471,0.1176,0.4706,0.0000,1,1
Safwan Refrigerator,0,-10.00,1.0000,1.0000,1.0000,1.0000,0.0000,0.0000,1,1
Saiful Electronic Works,1,3823.70,0.4252,0.9821,0.8815,0.0296,0.5407,0.6071,0,0
Sakib Rent A Car,1,929.50,0.8000,1.0000,1.0000,0.0000,0.1000,0.5556,1,1
Salman Enterprise ,1,21497.65,0.5024,0.9340,0.6273,0.0682,0.5091,0.8962,1,0
Samad Rent A Car,0,3866.55,0.0942,0.7222,0.6859,0.0321,0.8782,0.0000,0,0
Sara Enterprise,0,1384.34,0.0556,0.5000,0.5500,0.0500,0.9000,0.0000,0,0
Satota Refrigeration Service,0,12004.20,0.8193,0.5526,0.9118,0.0000,0.0882,0.0877,1,1
SB IT Solution,0,1632.50,0.8333,0.6818,0.8148,0.0370,0.1852,0.2727,1,1
Servis Xpart,0,420.00,1.0000,0.0000,1.0000,0.0000,0.0000,0.0000,1,1
Seyam Saimon Rent A Driver ,1,1167.50,0.5556,0.9091,0.8636,0.0909,0.4091,0.2727,1,1
Shadath Enterprise ,1,16710.00,1.0000,1.0000,1.0000,0.0000,0.0000,0.0000,1,1
Shagor Enterprise ,0,36.00,0.1429,0.0000,0.2857,0.5714,0.8571,0.0000,0,0
Shahadath Enterprise DOHS,0,-30.00,1.0000,0.0000,0.0000,1.0000,0.0000,0.0000,1,1
Shaiful Rent a Car ,0,7186.61,0.1837,0.5556,0.4898,0.0204,0.8163,0.0000,0,0
Shama's SPA & Beauty Salon ,1,1659.00,0.5556,1.0000,0.6842,0.0000,0.4211,0.5455,1,1
Shamil Automatic Dry Cleaners ,0,746.00,0.2400,0.2308,0.7288,0.0169,0.2881,0.0000,0,1
Shampa Shoes,1,890.00,1.0000,1.0000,0.9912,0.0000,0.0000,0.0000,1,1
Shananda Beauty Parlor ,0,2650.00,0.8333,0.9375,0.7778,0.0000,0.1111,0.9375,1,1
Sharmila Electronics,1,840.00,0.5000,0.0000,0.2500,0.0000,0.5000,0.0000,0,1
Sharmin Laundry & Dry Cleaners ,1,-14426.00,0.9177,0.5226,0.7193,0.0000,0.0819,0.0000,1,1
Shathi Electric,1,6189.65,0.6183,0.8125,0.8289,0.0197,0.3158,0.9688,1,1
She Beauty Parlor - DOHS,1,6956.50,0.7778,0.7885,0.7500,0.0152,0.2045,0.1635,1,1
Sheba Prime,1,0.00,1.0000,1.0000,0.0000,0.0000,0.0008,0.0000,1,1
SHEBA.XYZ Help Desk,0,18631.09,0.5905,0.3312,0.2085,0.0026,0.4186,0.3358,1,1
Sheba.xyz Premium Interior Design Services,0,184209.31,0.4613,0.2912,0.4701,0.0408,0.4968,0.3971,0,1
Shimu's Spa and Beauty Parlour,1,21854.85,0.4367,0.7742,0.5556,0.0152,0.5303,0.8495,0,0
Shimul Sanitary,1,1989.00,0.5692,0.3500,0.7391,0.0580,0.4203,0.9750,1,1
Shohag Enterprise,0,29686.50,0.3065,0.8947,0.8548,0.0161,0.6452,1.0000,0,0
Shohel Rana Enterprise,0,8946.25,0.2292,0.5833,0.7347,0.0204,0.6531,0.5000,0,0
Shopna Beauty Care,1,15429.35,0.5789,0.7692,0.6471,0.0294,0.3971,0.9487,1,1
Shopna Brac Trained-Gulshan,0,0.00,1.0000,1.0000,0.0000,0.0000,0.0000,0.0000,1,1
Shopnil Beauty Parlour ,0,560.00,0.5000,1.0000,0.5000,0.0000,0.5000,0.0000,0,1
Shordar Engineering,0,250.00,0.1429,1.0000,0.5714,0.0000,0.8571,1.0000,0,0
Shuvo Electric and Electronics House,0,100.00,1.0000,0.0000,0.0000,1.0000,0.0000,0.0000,1,1
SIA Agrovet,1,360.00,1.0000,0.8333,0.8333,0.0000,0.0000,0.0000,1,1
Sikder Enterprise,1,240.00,0.3333,0.0000,0.3333,0.3333,0.6667,0.0000,0,0
Sirajganj Dairy Farm,0,5612.35,0.8502,0.9781,0.5968,0.0108,0.1290,0.0000,1,1
Sirajganj Dairy Farm Mirpur,0,10945.58,0.8632,0.9913,0.7041,0.0262,0.1386,0.0000,1,1
SK Power Solution ,1,632.40,0.6000,0.8333,1.0000,0.0000,0.1000,0.8333,1,1
SK soft IT Service,1,40.00,0.5000,1.0000,0.5000,0.0000,0.5000,0.0000,0,1
Smart Expert,1,10098.80,0.6875,0.9910,0.8500,0.0188,0.2938,0.9369,1,1
Smart Expert - DOHS,1,197.50,0.4091,1.0000,0.8636,0.0455,0.5909,0.8889,0,0
Smart IT Solution,0,-10.00,0.1429,0.0000,0.4286,0.0000,0.8571,1.0000,0,0
Smart Mover,0,43403.25,0.3174,0.9231,0.8156,0.0164,0.6475,0.8718,0,0
SME VAI,0,335.05,0.0735,0.3333,0.3363,0.0177,0.9115,0.0000,0,0
SMS Engineering,1,3277.50,0.7391,1.0000,0.7826,0.0000,0.2609,0.7647,1,1
SN Electronics,1,10227.80,0.5194,0.7083,0.8188,0.0217,0.3478,0.7361,1,1
Sobuj Electronics,0,6506.40,0.5918,0.5655,0.8485,0.0866,0.3723,0.8552,1,1
SOFT GHOR,0,3230.00,0.3333,0.5000,0.4615,0.0769,0.6154,0.0000,0,0
Solve IT,1,732.50,0.6667,0.8750,0.6923,0.0000,0.3846,1.0000,1,1
SOMADHAN BD,1,40.00,1.0000,1.0000,1.0000,0.0000,0.0000,0.0000,1,1
Sonia Brace Certified-Gulshan	,0,0.00,1.0000,1.0000,0.0000,0.0000,0.0000,0.0000,1,1
South Bengal Technologies,0,1723.00,0.5217,0.0769,0.8776,0.1429,0.4082,0.2308,1,1
Space Interior Design,0,0.00,0.0435,1.0000,0.6522,0.0435,0.6087,0.0000,0,0
Spare Ninja,0,3177.50,1.0000,0.0000,0.0000,0.0000,0.0000,0.0000,1,1
Spot Light ( Fast & Reliable Service ),1,7295.55,0.6125,0.5962,0.6787,0.0459,0.3836,0.6043,1,1
Srabonti Beauty Salon ,1,180.00,0.2000,1.0000,0.6000,0.0000,0.8000,1.0000,0,0
Srabonti Beauty Salon  - DOHS,1,4926.00,0.7727,0.9231,0.7164,0.0149,0.2239,0.8654,1,1
SRC Electric,0,99.80,0.1667,1.0000,0.3333,0.1667,0.8333,0.0000,0,0
Star Auto Power,1,67251.20,0.6544,0.7587,0.9001,0.0137,0.2672,0.7698,1,1
Star Auto Power - DOHS,1,5584.30,0.6373,0.4776,0.8505,0.0093,0.3645,0.7612,1,1
Star Tailors & Fabrics,0,2040.00,1.0000,0.0000,0.4000,0.0000,0.0000,0.0000,1,1
Suchi's Artistry,0,400.00,1.0000,0.0000,1.0000,0.0000,0.0000,0.0000,1,1
Suddho Catering,1,1275.00,1.0000,1.0000,1.0000,0.0000,0.0000,0.0000,1,1
Sufala Engineering & Refrigeration,0,226.00,0.6667,0.0000,0.3333,0.0000,0.3333,0.0000,1,1
Sufi Electric & Refrigeration,1,6012.85,0.7184,0.9747,0.9292,0.0265,0.2389,0.9241,1,1
Sujon Food Valley,0,1988.80,0.7805,0.4571,0.8824,0.0588,0.2353,0.0000,1,1
Sumon Electric & Plumbing Service,0,9892.35,0.6207,0.6852,0.6882,0.0645,0.4086,0.9444,1,1
Sumon Star Cleaning Service,1,10732.45,0.6016,0.9518,0.7194,0.0288,0.4029,0.4217,1,1
Super and clean,0,16857.00,0.6349,0.5930,0.8881,0.0224,0.3433,0.6279,1,1
Super Cool Engineering Works ,0,565.00,0.6667,0.5000,0.3333,0.0000,0.3333,0.0000,1,1
Super Nova Automobiles,1,4354.00,0.2500,1.0000,0.5000,0.0000,0.7500,0.0000,0,0
Super Power,0,2913.00,0.6250,0.6250,0.8077,0.0769,0.3846,0.5625,1,1
Supper Star Cleaning BD,1,910.00,0.3500,0.2500,0.5238,0.0000,0.6190,0.0000,0,0
Swadesh Auto ltd,1,673.70,0.2222,0.5000,0.1000,0.1000,0.8000,0.0000,0,0
System Care,0,6232.50,0.4030,0.5515,0.6170,0.0456,0.5441,0.6618,0,0
Taharim CNG Works,1,1133.31,0.1111,0.6667,0.7037,0.0000,0.8889,0.0000,0,0
Tahira's Frozen Food,1,1024.70,1.0000,0.4286,0.2857,0.1429,0.0000,0.0000,1,1
Tahsin Rent A Car,0,2835.00,0.2549,0.6154,0.8235,0.0000,0.6471,0.7692,0,0
Tajim Refrigerator & Engineering,0,6084.80,0.7959,0.8444,0.9818,0.0182,0.1273,0.0000,1,1
Tania Brac Certified-Dhanmondi,0,0.00,1.0000,0.5000,0.0000,0.0000,0.0000,0.0000,1,1
Tania Brac Trained-Gulshan,0,0.00,1.0000,1.0000,0.0000,0.0000,0.0000,0.0000,1,1
Tania Enterprise,1,30073.25,0.4394,0.5303,0.8493,0.0274,0.4795,0.0606,0,1
Taqwoya Laundry Service ,0,95.80,0.1538,0.5000,0.1765,0.2353,0.8824,0.0000,0,0
Tariq Rent A Car,1,10470.24,0.2581,0.5882,0.8806,0.0000,0.7164,0.0000,0,0
Tasphia Traders,0,2700.00,0.1111,0.0000,0.4000,0.1333,0.5333,0.0000,0,0
TCS Enterprise ,0,12604.70,0.4435,0.6724,0.6136,0.0758,0.4167,0.0690,0,1
Tech Zone,0,400.00,0.5000,1.0000,1.0000,0.0000,0.4444,0.0000,0,1
TECHNICAL EXPERT,1,5604.40,0.5676,0.6364,0.8421,0.0263,0.4211,0.1136,1,1
Temperature Pro,0,14.70,1.0000,0.0000,0.0000,1.0000,0.0000,1.0000,1,1
The Barbars Lounge,0,6427.50,0.6338,0.6250,0.6374,0.0220,0.3846,0.9643,1,1
The Car Hub Automobiles ,1,20855.50,0.3889,0.7778,0.7500,0.0000,0.5000,0.3333,0,1
Thyrocare Bangladesh Limited,1,4270.25,0.6667,0.4667,0.7692,0.0513,0.2308,0.0000,1,1
Tip Top Hair and Beauty Salon,1,16695.50,0.6667,0.9804,0.8455,0.0227,0.2955,0.9477,1,1
Tisha Enterprise,0,4370.00,0.5952,0.3333,0.7669,0.1278,0.4135,0.0000,1,1
Today Interior,0,2450.00,0.1000,0.5000,0.5500,0.0000,0.8000,0.0000,0,0
Topclean Powered By Smart Launder,0,-3410.00,0.6505,0.3038,0.5500,0.1250,0.3333,0.0000,1,1
Tuhin Computer Center,1,3330.00,0.6491,0.8571,0.8387,0.0323,0.3226,0.8810,1,1
Uk Pest Control And Cleaning Service,0,2442.40,0.6364,0.8182,0.7059,0.0000,0.3529,0.0000,1,1
Unitech Corporation,0,40.00,0.5000,1.0000,0.0000,0.0000,0.5000,0.0000,0,1
United Refrigeration Works,0,50.00,1.0000,0.0000,0.0000,0.0000,0.0000,0.0000,1,1
Update World,0,335.00,0.5294,0.7778,0.7059,0.1176,0.4706,0.7778,1,1
UT services center ,1,7184.35,0.6629,0.8983,0.9239,0.0217,0.2065,0.1525,1,1
Vai Vai Transport,0,6853.75,0.1875,0.5556,0.5208,0.0833,0.8125,0.3333,0,0
Vecras BD Ltd,1,425.00,0.4286,0.6667,0.7143,0.0000,0.5714,0.0000,0,0
Venus Beauty,1,19843.60,0.5857,0.9719,0.8235,0.0035,0.3806,0.7303,1,1
Vip Cleaning Services,0,26909.00,0.5915,0.7929,0.7918,0.0204,0.4122,0.1643,1,1
Voltex Engineering,1,978.75,0.6000,1.0000,0.7143,0.0714,0.2857,1.0000,1,1
Vroom Services Ltd.,1,6752.60,0.5286,0.6486,0.7746,0.0141,0.4648,0.9730,1,1
Wajda Beauty Care,1,160.00,0.5000,1.0000,1.0000,0.5000,0.5000,0.0000,0,1
Wash Anywhere,0,1765.80,0.3333,0.2500,0.6667,0.0833,0.6667,0.0000,0,0
Wash Box Auto Dry Cleaners,0,-120.00,0.5000,0.0000,0.0000,0.0000,0.5000,0.0000,0,1
WASHBD,0,-2832.10,0.7188,0.1871,0.8710,0.0430,0.2151,0.0719,1,1
WashHobe,1,-2497.40,0.5759,0.7490,0.7789,0.0437,0.2288,0.1137,1,1
Washkoro,0,-2000.35,0.4710,0.2917,0.6462,0.1641,0.4410,0.0000,0,1
Wave's The Ocean of Beauty,1,160.00,1.0000,0.0000,1.0000,0.0000,0.0000,1.0000,1,1
Wheels Automotive Workshop,0,500.00,0.2500,1.0000,0.4000,0.0000,0.6000,0.0000,0,0
Windows Computer,1,563.55,0.3000,0.7143,0.4762,0.0000,0.6667,0.2857,0,0
Wooden Furniture,1,200.00,0.1818,0.5000,0.2727,0.1818,0.8182,0.5000,0,0
Work Point,1,80.00,1.0000,0.5000,1.0000,0.0000,0.0000,1.0000,1,1
Yasin Telecom,1,244.10,0.3514,0.1538,0.7368,0.0526,0.6579,0.0000,0,0
Yasin Traders,1,18615.00,0.3379,0.9455,0.9167,0.0128,0.5897,0.9455,0,0
Yeasin Electronics Service ,1,7134.50,0.6154,0.9535,0.9420,0.0435,0.3188,0.4884,1,1
Yeasin Rent a Car,1,920.00,0.2500,0.0000,0.5000,0.1250,0.7500,0.0000,0,0
Yes Computer Solution,1,2707.70,0.7064,0.9114,0.8448,0.0172,0.3103,0.9114,1,1
Yeshin Refrigeration,0,200.00,0.3333,0.0000,0.3333,0.0000,0.6667,0.0000,0,0
yk computer system,1,150.00,0.3000,1.0000,0.5000,0.0000,0.7000,0.0000,0,0
YOLO catering,0,18816.50,0.5208,0.3704,0.6190,0.0159,0.5397,0.0000,1,0
Zakir Refrigeration Works,1,64917.65,0.6168,0.9976,0.9520,0.0157,0.3370,0.9621,1,1
ZARA ENGINEERING BD,1,2065.45,0.4286,0.9545,0.6200,0.0000,0.3400,1.0000,0,1
Zehad Electronic,0,200.00,1.0000,1.0000,1.0000,0.0000,0.0000,0.0000,1,1
Zero Pest,1,5057.65,0.5250,0.8571,0.7381,0.0238,0.4524,0.0000,1,1
Ziaur Enterprise,0,8900.00,0.2200,0.5455,0.8039,0.0196,0.7843,0.3636,0,0
